retweets;favorites;text;mentions;hashtags
1;0;It's almost time for the apple pie and an ice cream #yumm;;#yumm
0;0;This is pretty neat: http:// goo.gl/RPtsW8 Learn #Chinese spelling on your #mac #apple #backtoschool #education;;#Chinese #mac #apple #backtoschool #education
0;0;MyFourWalls is a great Mac app for home interior design and planning http:// weeder.org/rLHXaim #apple #tech;;#apple #tech
0;0;Why one man thinks apple pie has no place at Thanksgiving - http:// lottery.jam-net.com/why-one-man-th inks-apple-pie-has-no-place-at-thanksgiving-3/ …;;
0;0;I'm so jealous of everyone posting how full they are. All I ate today was an apple;;
0;1;That apple pie though...stuff made from scratch is so much better #chefjess;;#chefjess
0;0;this apple pie is about to be on point;;
0;1;@RobidioEvoX who said I had to goto AT&T I have to go to Apple but I'm working tonight too and won't be out till 12:30 so suck my dick;@RobidioEvoX;
0;0;Apple @RZA;@RZA;
0;1;Just want some apple pie;;
0;0;@VKuru1 boring but i have apple pie B);@VKuru1;
1;0;Super Prices on MAC MINI 2GB Memory, 160GB Disk Drive Desktop at http:// bit.ly/9r0lBF ~ #apple #macmini;;#apple #macmini
0;0;Homemade apple pie curtsey of uncle Fred. http:// instagram.com/p/hRxJUzwkAa/;;
0;0;Need to learn #Spanish ? Here you go on your #Mac 4000+ words http:// goo.gl/fkT5tg #apple #education #learning #osx #edtech;;#Spanish #Mac #apple #education #learning #osx #edtech
0;0;Apple Juice >>;;
0;0;Black Friday 2013: The Best Deals on Apple Products: If you are looking to score a good deal on an Apple devic... http:// bit.ly/1ijsHUf;;
0;0;El mes pasado Apple se hizo con el 76% de las ventas de smartphones en el mercado japonés http:// bit.ly/1b7tRsa;;
0;1;Cherry, apple , AND pumpkin pie. Why does my family give me such hard life decisions?!?!;;
0;0;Jolla, Ponsel Anyar Buatan Mantan Karyawan Nokia: Inikah kompetitor Apple dan Samsung yang sebenarnya? http:// bit.ly/Iug496;;
0;0;Granny Smith Apple Crisp #nomnomnom http:// instagram.com/p/hRxC7bIVG_/;;#nomnomnom
0;0;@_rin_ apple 陽「お～はよっ」夜「おはようございます、凛りんご@ラフィネは嫁さん」;@_rin_ @;
0;0;Happy Thanksgiving! Thankful for family, friends, but most importantly apple pie #imadethis … http:// instagram.com/p/hRw0ZFk306/;;#imadethis
1;2;Bridges made from scratch apple pie!;;
0;0;Apple 's Black Friday Deals Go Live in Australia - Mashable http:// bit.ly/18LE2GC;;
0;0;#French for beginners and advanced students. http:// goo.gl/77aKVz Learn on your #Mac #apple #education #backtoschool;;#French #Mac #apple #education #backtoschool
0;0;the fact that my grandparents drove 100 miles just to get a fresh apple pie from the orchards;;
0;1;Happy Thanksgiving, America. I made you apple crisp. http:// instagram.com/p/hRxG19x8-f/;;
0;0;Pie Porn: Peanut Butter, Egg Custard, Chocolate, Lemon Merengue, Apple , and Pumpkin Roll #thisiswhyiworkout #foodie pic.twitter.com/gbcK5PN2l5;;#thisiswhyiworkout #foodie
0;0;Apple e seus fones q param de funcionar;;
0;2;Happy Thanksgivikkuh! Apple pie :) pic.twitter.com/o4OmhzssEu;;
0;0;EE.UU.: Rechazan demanda de Apple sobre privacidad de datos http:// nblo.gs/Rx5t1;;
0;1;apple pie with vanilla ice cream topping... #mmmmmmmmmmmmmmmmmmmmmmmmmmmmmmmmmmmmmmmmmmmmmmmmmmmmmmmmmmmmmmmmmmmmm !;;#mmmmmmmmmmmmmmmmmmmmmmmmmmmmmmmmmmmmmmmmmmmmmmmmmmmmmmmmmmmmmmmmmmmmm
0;0;CALL MY BABY LOLLIPOP, TELL YA WHYY, HIS KISS IS SWEETER THAN AN APPLE PIE;;
16;21;Pumpkin pie > apple pie;;
0;1;" @TheUrbanDiction : "Macturbate": To pleasure oneself through the use of an Apple product." @lorenafountains;@TheUrbanDiction @lorenafountains;
0;0;This caramel apple crumble I just made tho!;;
1;5;Forget thanksgiving, the Apple Cup is tomorrow! #GoCougs;;#GoCougs
0;0;Apple Inc. (AAPL) iPhone 5S Production Shows Impressive Numbers - ValueWalk http:// wp.me/p2ed5h-mQy;;
0;0;“ @KiarraJosephine : Arianna use to think she was getting drunk off Apple Cider when we were little ”;@KiarraJosephine;
0;0;I'm tired of Apple and their shitty products;;
0;0;@_rin_ apple シュウ「ん…？あんたか。おはよ…ぐぅ…」;@_rin_;
0;0;I tore my Thanksgiving dinner up, now just waiting for it to calm down so I can eat sweet potato pie & apple walnut fruit tart;;
0;0;@Its_gioo my father couldn't find any at Von's, we only have apple pie :(;@Its_gioo;
0;0;@poison_ apple _4 俺はときどき髪が茶髪になりすぎたとき、黒髪もどしで元に戻してる。;@poison_;
0;1;When I don't think I can eat anymore... Aunt brings out the apple pie;;
0;1;my dog has been trying to steal a piece of apple pie for at least an hour. it's more entertaining than it sounds, I promise.;;
0;0;Siri the target in new patent infringement lawsuit against Apple - Women Citizen http:// paten.to/1bsLqsP;;
0;0;Great #Mac #German language learning software http:// goo.gl/8thw6V #apple #education #backtoschool #easy;;#Mac #German #apple #education #backtoschool #easy
0;0;Genuine Apple Lightning to VGA Adapter (MD825ZM/A) *NEW* open box $45.00 http:// bit.ly/17Z4EmS #kindle;;#kindle
0;0;Chilling eating apple pie;;
0;3;Death by apple pie #Thanksgiving #PieForDays;;#Thanksgiving #PieForDays
0;0;This is pretty neat: http:// goo.gl/fkT5tg Learn #Spanish spelling on your #mac #apple #backtoschool #education;;#Spanish #mac #apple #backtoschool #education
0;0;Apple sauce puppy;;
0;0;cherry pie > apple pie;;
0;0;@wictorshow UHSAHSUHAUSHAU! S4, to puto com a apple !;@wictorshow;
0;0;Apple iPad mini Retina Review - TechSpot http:// bit.ly/IkWWcR #tech #news;;#tech #news
0;0;Get better scores in #Chinese with jbvTeacher http:// goo.gl/RPtsW8 for #mac #apple #education #backtoschool;;#Chinese #mac #apple #education #backtoschool
0;1;Omg apple pie;;
0;1;Check out Big Apple Baseball on @Stitcher : http://www. stitcher.com/s?fid=39389&re fid=stpr … @BigABaseball #Baseball #Yankees #Mets;@Stitcher @BigABaseball;#Baseball #Yankees #Mets
1;1;"The best place and service" @Genius Bar - Apple Store 5th Ave: http:// 4sq.com/1aZdT7y #foursquare;@Genius;#foursquare
0;1;@BabyJason23 no apple pie, chocolate pie;@BabyJason23;
0;0;Hoy fue día de acción de gracias en EEUU y mañana es el viernes negro; todo 50% off. Ya hay gente haciendo cola en Apple .;;
0;0;Apple pie is a must;;
0;0;sitting in my room with fruity pebbles and a gallon of Apple juice listening to MM this is what my life has became;;
0;0;@TROGDOHR yep. Just throw it in the oven for a few mins. Is there anything better than warm apple pie? ;);@TROGDOHR;
1;0;All I'm asking for is some great apple pie.;;
0;2;I would not recommend the caramel apple spice from Starbucks #notimpressed;;#notimpressed
0;0;Apple Store Down for Black Friday pic.twitter.com/OnJkkylniK;;
0;2;pumpkin pie and apple crisp;;
0;0;Apple iPad Mini with Retina Display - WI-FI + Cellular for Verizon (32GB, Space Grey, MF081LL/A) NEWEST VERSION 2013 http://www. amazon.com/Apple-iPad-Min i-Retina-Display/dp/B00GTVVOPY?SubscriptionId=AKIAJDM34GMLWSSGTQPQ&tag=secrheal01-20&linkCode=xm2&camp=2025&creative=165953&creativeASIN=B00GTVVOPY …;;
0;0;Dinner was good but I can't wait for apple pie;;
0;0;Abri la ramura sim bitches #apple #ipad2 http:// instagram.com/p/hRxECdCNV3/;;#apple #ipad2
0;1;Apple Pie;;
0;0;Both Grandma and I made an apple pie... #imintrouble;;#imintrouble
0;0;@lm0812 No one cares!!! Plus pumpkin not apple;@lm0812;
1;2;apple crumb pie is my safe haven;;
0;1;That is one Apple -ass-pie pic.twitter.com/sh0ubqSA7X;;
1;0;Damn ...It's fun testing how good my time estimation is - really cool :) http:// goo.gl/q1gVAq #game #ios #retweet #app #apple #time;;#game #ios #retweet #app #apple #time
0;0;@akiusagi_ apple さらさんはもう行かれたんでしたっけ？;@akiusagi_;
0;1;@SeanMFlowers 5S! Once you go iPhone you never go back, ps apple had the best apps and really good ones that android doesn't have at all;@SeanMFlowers;
1;0;Apple pie is my favorite;;
0;0;This is pretty neat: http:// goo.gl/fkT5tg Learn #Spanish spelling on your #mac #apple #backtoschool #education;;#Spanish #mac #apple #backtoschool #education
1;5;Apple turon >>>>>>>>>>>>>>;;
0;0;Made apple pie and it's perfect thank you very much.;;
0;0;So that's y he wanna make clothes? RT @JayDertey : Eve made Adam eat the apple & now its illegal to be naked. Buy the Yeezy's;@JayDertey;
0;0;hey apple;;
0;0;Apple pie rules, suckaz... RT @vcthree : Pumpkin is overrated. However, #YouDoYou RT @TheFix : Pumpkin pie > all other pies. Come at me.;@vcthree @TheFix;#YouDoYou
0;2;@alohaajasmine That's apple cider isn't it.... smh lol;@alohaajasmine;
0;0;The resent trend of direct attacks on your competitors from company's like @samsung @Microsoft and @apple is disgusting. Have some respect.;@samsung @Microsoft @apple;
0;1;@kaelahhhh haha sure doll. I'll make apple pies for you for the rest of our lives lol;@kaelahhhh;
0;0;Let's not talk about this... “ @NoAssJas : YYYYEEEESSSSSSS OMGGGGGG RT “ @JordanGame6 : I wish Mcdonald's was open so I could get an apple pie””;@NoAssJas @JordanGame6;
0;0;スマートフォンは Apple とサムソン以外は利益は出ていないだろう。その両者ですら利益率は低下傾向だ。これがコモディティ化という現象である。これは薄型TVと全く同じ現象だ。モバイルブームももうすぐTVと同じ運命をたどるのだ。;;
0;0;Hey Apple /iTunes, since ios7 old purchased music can't be redownloaded, or played, it just shows purchased. FIX THIS!;;
0;0;Gostei de um vídeo @YouTube http:// youtu.be/Sieir33jk1I?aK ATY … PERRY- FIREWORK ( APPLE STORE);@YouTube;
0;0;Apple pie is my food;;
0;1;Apple pie;;
0;0;Apple iPad Air Giveaway http:// tinyurl.com/q4twvfr;;
0;0;@JuanPaparazzi Just Apple :);@JuanPaparazzi;
0;0;@MoiraRain typical dark meat lover response. I bet you're one of those people who hates apple pie, and freedom.;@MoiraRain;
0;1;FIRST FINANCIAL INSIGHTS: INVESTORS' INSIGHTS - #Apple , #Facebook , #Buffet ... http:// firstfinancialinsights.blogspot.com/2013/08/invest ors-insights-apple-facebook.html?spref=tw … #investing #NEWS #oil #climate #FF;;#Apple #Facebook #Buffet #investing #NEWS #oil #climate #FF
0;0;Best thing about #thanksgiving is the apple pie. #HappyThanksgiving #applepie #ChristmasNext http:// instagram.com/p/hRwt4Jh6LF/;;#thanksgiving #HappyThanksgiving #applepie #ChristmasNext
0;0;Have a preschooler? Got an iPad or iPhone? "Monitor your child's performance" http:// bit.ly/qeO1NN #kidsapp #marketing #apple #ipad;;#kidsapp #marketing #apple #ipad
0;0;“ @StrawHatEdgar : Where ma apple pie dawg” nigga;@StrawHatEdgar;
0;0;@ryancableguy there might be a whole apple pie;@ryancableguy;
1;1;Let me tear this dessert up. Apple pie and vanilla bean ice cream giving me life;;
0;0;iBooksアプリ、フラットデザインにアップデート(「 Apple 」最新記事一覧‐ITmedia キーワード) / http:// bit.ly/17v1aVU;;
0;0;@carly_2u no bigs. And yeah made apple cobbler;@carly_2u;
0;0;segni del destino: vado su apple store e ...aggiornamento del sistema in corso...!!!;;
0;0;Or how about a flood of Apple cider!;;
1;4;Playing apple to apples and I had the card lazy. Description: lifeless. My mom puts down "my love life." #thanksmom #dontremindme;;#thanksmom #dontremindme
0;0;@jayfonsecapr soy groupie de Apple y de Jay. No puedo evitar empujar el movimiento mundial.;@jayfonsecapr;
0;0;Queridos de #Apple , dejadme ver vuestros preciosos descuentos y dejad ya de actualizar la web. Gracias.;;#Apple
0;1;“ @Devin_Tellez : people be sneaking a picture of their parents alcohol & posting it acting like they're not drinking apple cider right now .”;@Devin_Tellez;
0;0;El día especial de compras en Apple es mañana http:// store.apple.com/mx/browse/holi day/shopping_event … #fb;;#fb
0;0;APPLE PIIIIEEEEE;;
0;0;@puz_ apple あとはスキラゲと297振りですね（ニッコリ）;@puz_;
0;2;This apple pie;;
2;1;the way to my heart: gimme all the apple pie.;;
0;2;Don't judge me, but I'm going in for thirds on this apple pie #shame;;#shame
0;0;Just had a ton of turkey and apple and pumpkin pie to tired to OCC #;;#
0;0;imma be real mad if they don't bring apple or pumpkin pie man;;
0;0;Apple pie;;
0;0;People actually eat Apple pie?;;
0;0;#apple Apple iPhone 4 - 16GB - White (Verizon) Smartphone * Perfect * http:// ift.tt/1bsLf0z;;#apple
0;0;JNTworld (The Thinnest Leather Case in the World) 1mm Ultra Thin Pu Leather Case Cover for Apple Iphone 5 5s http:// bit.ly/19rrn95;;
0;0;Rechazada una demanda contra Apple sobre privacidad de datos. http://www. siliconnews.es/2013/11/28/rec hazada-una-demanda-contra-apple-sobre-privacidad-de-datos/ …;;
0;0;#apple APPLE iPhone 4S 16GB - AT&T - LOWER CONDITION USED (Black) http:// ift.tt/1aVhMpY;;#apple
0;0;#apple Apple iPhone 4 - 16GB - Black (Verizon) Smartphone http:// ift.tt/1bsLgBx;;#apple
0;0;#apple Apple MacBook Pro A1286 15.4" Laptop - MD318LL/A (October, 2010) http:// ift.tt/1jOZGv1;;#apple
0;0;#apple Apple iPhone 4s - 32GB - Black (AT&T) Smartphone (MC923LL/A) http:// ift.tt/1bsLglf;;#apple
0;0;Apple cider is probably one of my favorite drinks;;
0;0;#apple Apple iPhone 4 - 16GB - Black (AT&T) Smartphone (MC318LL/A) http:// ift.tt/1jOZGeH;;#apple
0;0;O site da Apple vai entrar em promoção, quero saber a hora exata @JvCorbett;@JvCorbett;
0;0;#apple Apple iPhone 4s - 64GB - White (AT&T) Smartphone (A1387) http:// ift.tt/1egyzrt;;#apple
0;0;Diamond Pattern Blue PU Leather Case Stand For iPad 2 iPad 3 iPad 4 PU442 $15.95 http:// bit.ly/17Z4sUx #tablet #apple;;#tablet #apple
0;0;#apple Apple Mac Mini A1347 - MD387LL/A (October, 2012) http:// ift.tt/1bsLeKa;;#apple
0;0;#apple Apple iPhone 4S - 16GB White- unlock Gpp http:// ift.tt/1jOZGeF;;#apple
1;2;Someone fucked the apple pie -,-;;
0;0;#apple Apple iPhone 5 - 16GB - Black and Slate (AT&T) Smartphone (MD634LL/A) http:// ift.tt/19V3KEk;;#apple
0;0;#apple Apple iPhone 4S - 16GB - Black (AT&T) Smartphone http:// ift.tt/1jOZGez;;#apple
0;0;Time for some apple pie…then a nap. A long nap.;;
0;0;#apple Apple iPhone 4S - 16GB - White (AT&T) Smartphone, Version 7.0.4, Model MC920LL http:// ift.tt/1bsLgl1;;#apple
0;0;Samsung Chromebox XE300M22-A02US 16 GB HD, Intel Core i5 2nd Gen., 2.5 GHz, 4GB $200.00 http:// bit.ly/1gmXdrP #printer #apple;;#printer #apple
0;0;Apple pie to finish off my food coma;;
0;0;#apple Apple iPhone 4s - 16GB - White (AT&T) Smartphone http:// ift.tt/1jOZGex;;#apple
0;0;#apple 2 I Phone 3G (At&T) Still Works & Apple I Touch 16 Gig Good Condition http:// ift.tt/1bsLeJY;;#apple
0;0;#apple Apple iPhone 4s - 16GB - Black (AT&T) Smartphone http:// ift.tt/1jOZGep;;#apple
0;0;#apple APPLE IPHONE BLACK 3GS 8GB Smart Phone for use with GSM networks http:// ift.tt/1bsLetD;;#apple
0;0;#apple Apple iPhone 5 iPhone 4gsm CDMA AT&T Verizon Sprint For Parts Repair Please Read http:// ift.tt/1jOZFY5;;#apple
0;0;Apple should automatically have emojis installed into iPhones;;
0;0;Best apple pie I've ever had though.;;
0;0;ただ Apple のイヤホンは音漏れが怖いので気をつけよ;;
0;0;#apple Apple iPhone 4S - 16GB - White (AT&T) Smartphone http:// ift.tt/1bsLg4u;;#apple
0;0;#apple Apple iphone 4 (Sprint) (2 Phones) *No Reserve* http:// ift.tt/1jOZFXZ;;#apple
0;0;Black Friday : la Fnac fait mieux qu' Apple http:// ift.tt/1b7tL3L #Apple via MacGeneration;;#Apple
0;0;#apple Apple iPhone 5 - 32GB - Black & Slate (AT&T) Smartphone with box and accessories http:// ift.tt/1bsLfOa;;#apple
0;0;55millimiter camera snap-on case for Apple iPhone 5 http:// bit.ly/16jgUKV;;
0;0;#apple Apple iPhone 4s - 32GB - White (AT&T) Smartphone (MC921LL/A) http:// ift.tt/1jOZD2v;;#apple
0;0;#apple Apple iPhone 4s - 8GB - White (Verizon) Smartphone http:// ift.tt/IkD7mH;;#apple
0;0;Apple iPad Air Smart Case - Red- $79.99 http:// wp.me/p3UHNt-m2m;;
0;0;#apple Used Apple iPhone 5 - 32GB - Black & Slate (AT&T) Smartphone http:// ift.tt/1jOZD2p;;#apple
1;2;That awkward moment u try to sneak a piece a pie when no 1s lookin but u grabbed the cherry instead of the apple -_- #DamnIt;;#DamnIt
0;0;#apple Apple iPhone 4 - 32GB - Black (Verizon) Smartphone CLEAN ESN http:// ift.tt/1bsLed8;;#apple
1;0;Pumpkin pie> Apple pie;;
0;0;#apple Apple iPhone 4s - 16GB - White (AT&T) Smartphone http:// ift.tt/17KLdy6;;#apple
0;0;Did you know: Notable Corporate Clubs • American Express • Apple • Coca-Cola • Disney • Google • IBM • Microsoft • Sony • Toyota;;
0;0;Sippin on apple cider ... Fuck that wine shit;;
0;0;I made the hardest life decision today. I had to chose between Apple pie or pumpkin pie. I chose apple;;
0;0;Суд отклонил коллективный иск против Apple;;
0;0;We are about to open! Come in and have some of our $3 Nc beers, $3 Dos xx and $5 Washington apple … http:// instagram.com/p/hRwTiin2j4/;;
0;0;@stacy_tejeda a slice of apple pie with ice cream but it fell apart in the process of transferring it to a plate;@stacy_tejeda;
0;0;Because it wouldn't be Thanksgiving without pics of food, here's my ginger apple sweet potatoes served with cheese! pic.twitter.com/8eCCUtlwQa;;
0;0;I'm thankful that apple pie exists.;;
0;0;Irish coffee and apple pie;;
0;0;I'm at O'Neil Apple Tree Cinema 12 for The Hunger Games: Catching Fire (Londonderry, NH) w/ 3 others http:// 4sq.com/1evcKEH;;
0;0;I love apple pie;;
0;1;Dessert for one. Red wine goes with Apple pie, right? #HumorMe http:// instagram.com/p/hRw2nII3zT/;;#HumorMe
0;0;bouta take a ride to the east to pik up another broke nigga to come eat my apple pie n turkey-___-;;
0;0;@morgvn_2x lol apple pie?;@morgvn_2x;
0;1;@Harry_Styles you should try my homemade pumpkin and apple pie;@Harry_Styles;
0;0;Last year it was chocolate covered bacon, this year it was jalapeño cheddar apple pie. I love Thanksgiving.;;
0;0;And if she goes crazy she won't make apple pie. So seriously cowboys, break that tie already.;;
0;0;Dutch Apple Mess with Cool Whip http:// instagram.com/p/hRw40dkmEM/;;
0;0;My dad makes the best apple pies;;
0;0;Apple se alía con una empresa danesa para crear un audífono. http://www. itespresso.es/apple-se-alia- con-una-empresa-danesa-para-crear-un-audifono-118187.html …;;
0;0;@Kazquo @floriandeparis comme la télécommande de la apple TV;@Kazquo @floriandeparis;
0;0;Apple pie is good, apple pie is great;;
0;0;@VentusGreen_ @TheKawaiiSailor *body twists up like a pretzel due to apple deficiency*;@VentusGreen_ @TheKawaiiSailor;
1;0;APPLE MACBOOK PRO 13-INCH RETINA DISPLAY http:// greenpaperunion.com/?p=346;;
1;1;Home made apple pie >> in love.;;
0;0;Forgot we had apple pie!;;
1;0;That apple pie tho >;;
0;0;And apple pie. I want my pie.;;
0;1;Carmel apple cheesecake;;
0;1;I could live on stuffing and green been casserole. With an occasional piece of apple pie.;;
0;0;Nov 27 - Caramel Apple Salad Ready http:// instagram.com/p/hRw3Moqm8Y/;;
0;0;@girlofluvnwar And you too are very cute together! Jefferson and I met because he threw and apple at my head. On purpose.;@girlofluvnwar;
1;0;Teringinnya nak pergi US now, ada Black Friday one-whole day event, discount habis murah sekarang! barang apple weyhh;;
0;0;Pumkin, apple , or caramel apple ? Youre right, silly question. All three.;;
0;0;Me tiene arta sacandome los auriculares no era qe te habias comprado unos en apple o seguro es.mentita como todo.lo qe dice;;
0;0;@stephensamell KLAUS INSERTS HIS TURKEY LEG INTO CAROLINE'S APPLE PIE.;@stephensamell;
0;2;Apple cider moonshine good shit;;
0;0;iPhone 6 may have wraparound display after Apple patent revealed: http:// youtu.be/9YEjYVVBZjU @youtube さんから;@youtube;
0;0;Time for some apple pie! #HappyThanksgiving http:// instagram.com/p/hRw36fMexz/;;#HappyThanksgiving
1;1;How do you make an apple puff? Chase it round the garden. #lol;;#lol
0;0;@alexisbarnett33 *points you in the direction of the nearest apple store*;@alexisbarnett33;
0;0;As IF the apple store is down already!!;;
0;6;My dad handed me a beer today instead of the apple cider. And my mom cried what a great day;;
0;1;A little football, a glass of wine, and apple pie are the perfect way to wrap up Thanksgiving :);;
0;3;There's sweet potato pie, caramel apple pie and red velevet cheesecake. Yeah so imma have to take that laxative.;;
0;0;Getting ready for thanksgiving dinner? Meet Ms. Apple Pie. pic.twitter.com/lxkBfPVcdv;;
0;0;This apple pie is too good;;
0;0;Lobster tails pasta spinach broccoli stuffing cranberry latkes sweet potatoes marshmallows apple pie pumpkin pie whiskey apple cider death;;
0;0;MyFourWalls is a great Mac app for home interior design and planning http:// weeder.org/rLHXaim #apple #tech;;#apple #tech
1;1;Yes that is liquid in the " apple pie" pic.twitter.com/j3O0gKsghO;;
0;0;@Netflixhelps Netflix errors on iPad or Apple TV. Some shows work most don't. Error is "An error occurred loading content. Try again later.";@Netflixhelps;
0;0;How Google manages over 40,000 Macs...without much help from Apple http:// zite.to/IhQWBY;;
0;0;Apple & Pumpkin pie for dessert = super fat as fuck;;
0;0;@poison_ apple _4 黒髪戻しというのがありましてだな…;@poison_;
0;0;I'm giving away: Apple Pie in an Apple Recipe - makes 6. Check it out - http://www. listia.com/ruw3z8/1849591;;
0;0;About to turnup this ain't really apple juice this is apple pie corn liquor http:// instagram.com/p/hRwvS6ywEq/;;
0;0;@emilysiemer24 hahaha you can come over if you want, but you're goin to have to bring me over some dessert because all we have is apple pie;@emilysiemer24;
0;0;Italian on your #Mac with 4000+ vocabularies. Easy to use but effective http:// goo.gl/Gam4hv #apple #education #learning #osx #edtech;;#Mac #apple #education #learning #osx #edtech
0;0;I didn't even have apple pie today what is wrong with me?! #everything;;#everything
0;0;Just bought a iPad 4 from Black friday! #BlackFriday #iPad #apple;;#BlackFriday #iPad #apple
0;1;I want apple crumble & custard. NOW.;;
0;0;4 MINUTOS PRA EU DESCOBRIR QUAIS SERÃO OS TAO ACLAMADOS DESCONTOS DA APPLE STORE DE PORTUGAL (ansioso porem nao muito);;
0;0;@A7Martinez bro save me a piece!! I've been craving some damn apple pie for the longest!;@A7Martinez;
0;0;Apple verbiedt Zwarte Pieten-app alsnog: Apple heeft de Zwarte Pieten-app voor de iPhone alsnog verwijderd uit... http:// fok.nl/627718;;
0;0;Healthier #mediterranean side dishes for #Thanksgiving this year. And fresh apple #pie . :) http:// embedle.com/e/A3JmI6kkj#.. http://instagram.com/p/hRwnfnjxmh/ …;;#mediterranean #Thanksgiving #pie #
0;0;@mweatherhogg no apple pie for you, rave boy;@mweatherhogg;
0;1;Pumpkin pie is gross. Apple pie for the win. #HappyThanksgiving;;#HappyThanksgiving
1;1;長野県と Apple の奇跡的コラボ;;
1;2;The Obama's Thanksgiving included 9 different pies - Huckleberry, Pecan, Chocolate, Sweet Potato, Peach, Apple , Pumpkin, Banana + Coconut.;;
0;0;Yo I had this apple pecan cheesecake..... never tasted anything so good.;;
0;0;Getting some MacBook first aid...1st Genius Bar appt, here goes. (@Apple Store w/ 2 others) http:// 4sq.com/1jOZvQo;@Apple;
0;0;the apple pie i made from scratch is pappinnnnnn;;
0;12;I think I just drank about a gallon on hot apple cider;;
0;0;@Ritzcrackers AJ like apple jacks!;@Ritzcrackers;
0;2;@kaelahhhh @laurr_elizabeth @becca_schles98 I made a caramel apple pie :p I'll bake for y'all sometime :);@kaelahhhh @laurr_elizabeth @becca_schles98;
0;6;Proud of my performance tonight. Ate about 3 full plates plus apple pie. Should keep me full for a good 3 weeks until nxt break. Saves money;;
0;1;thankful for potatoes and bread and apple crisp and pie and ice cream;;
0;0;Apple Insider: Best Buy's Black Friday sale knocks $150-$200 off some MacBook Pros, iMacs, & MacBook Airs http:// bit.ly/1aZ9phj;;
0;1;Apple cup time and channel?;;
0;0;@MissJia the shit don't make no sense. Like, Apple is so much better.;@MissJia;
0;0;You're up shit creek with Apple Maps" - love Fresh Meat.;;
0;2;HOMEMADE APPLE PIE WHADDUPPP;;
0;0;@appleinsider Best Buy's Black Friday sale knocks $150-$200 off some MacBook Pros, iMacs, & MacBook Ai... http:// bit.ly/1aZ9phj #apple;@appleinsider;#apple
0;1;Thanksgiving wouldn't be compete without apple pie moonshine. My family is kind of great.;;
5;15;☛ Throwback Thursday☻!: Miss Diana Ross atop the Big Apple float in Macy's Thanksgiving Day Parade. Nov. 22, 1979 pic.twitter.com/Bg3TkmRcuu;;
0;0;Not with my mom trying give me apple cider... Like I'm not 10 I know the difference between liquor and and Apple juice;;
0;0;I just want some APPLE PIE !!!!!!!!!!!!!!!!!!!!!!!!;;
0;0;1st best part of Thanksgiving! #round3 #apple #livinthefatkidlife #sophomoreseventy http:// instagram.com/p/hRwKF3NNu1/;;#round3 #apple #livinthefatkidlife #sophomoreseventy
0;0;Apple pie and vanilla ice cream;;
0;0;@tsweenn I have apple pie;@tsweenn;
0;0;My curio cabinet #history #apple #newton #osx #publicbeta #jolt my Apple ][ won't fit here sadly @… http:// instagram.com/p/hRweK9hRvx/;@;#history #apple #newton #osx #publicbeta #jolt
0;0;@rpscarlets57 apple !;@rpscarlets57;
0;0;Search Trends (2013-11-29): People are searching for apple pie http:// metro5.com/search?q=apple +pie …;;
0;0;I've have 7 pieces of pie today.. 4 pumpkin and 3 apple .;;
0;1;Apparently I look like apple tech support because my family always wants to ask me what's wrong with their iPhones.;;
0;0;@isaha_bb 逆ドラの公式が病気www よく Apple 査定通ったなwww;@isaha_bb;
0;4;My aunts apple pie doe pic.twitter.com/cFRGcEDtMW;;
0;0;@RAnetdotcom I wont be in london until the 16th so looks like I will miss him, I also missed him at the apple store last year by 1day lol;@RAnetdotcom;
0;0;apple cheese cake;;
2;4;There's a huge difference between apple cider and sparkling cider pops;;
0;0;Apple pie && Hot chocolate http:// instagram.com/p/hRwoGFMhZN/;;
0;0;Over 800 common sentences in English and German. Cool #osx app http:// goo.gl/8thw6V #language #apple #osx #RT;;#osx #language #apple #osx #RT
0;0;백점만점 #ㅇㅇㅇ #handmade #apple _pie http:// instagram.com/p/hRwnDlyyRs/;;# #handmade #apple
0;0;My apple crisp is so GD good.. Oh my jeebus.;;
0;0;Apple ‘record performance’ en Octubre http:// venturebeat.com/2013/11/06/app le-had-record-performance-in-october-analyst/ … vía @VentureBeat;@VentureBeat;
0;0;Apple experimenta con aleaciones metálicas amorfas, confirman patentes. http:// pulsoslp.com.mx/2013/11/28/app le-experimenta-con-aleaciones-metalicas-amorfas-confirman-patentes/ …;;
0;0;I'm thankful for apple;;
0;0;@feelmeupharry oh my god I ate so much pie O____O pumpkin and apple;@feelmeupharry;
1;1;Patiently waiting on the pie. I'm so tempted to eat everything but I'm trying to leave room for the apple pie. #thestruggle;;#thestruggle
0;0;I love apple pie;;
0;0;This apple cider is so good lol;;
0;5;Pecan pie, pumpkin buckle, cookies, puppy chow, chocolate pie, apple pie, peanut butter pie, and scotheroos...um where do I start??;;
0;0;It's #giveaway time with @chaosnsilence and Under The Apple Tree! Win $25 to Paypal. Thanks @contestly ! #contestly http:// butterandmashedpotatoes.blogspot.ca/2013/11/christ mas-is-almost-here-i-think-its.html …;@chaosnsilence @contestly;#giveaway #contestly
0;0;@nicolewolverton I didn't even get any apple butter cake. *pouts*;@nicolewolverton;
0;0;@chanizzy_el apple Store;@chanizzy_el;
0;0;mmm apple pie;;
0;0;Thankful for apple cider;;
0;0;, put our vision in it's like an Apple Ѽ on a Treeee !;;
0;0;So I currently have 2 apple pies, 1 pumpkin, & 12+ mini pies hmmmmmm. Too much pie? ...... Nah;;
0;0;HEY @DiGiornoPizza IS YOUR DEFENSE THE APPLE PIES I WAS IN CHARGE OF TAKING OUT OF THE OVEN? BECAUSE THEY KEEP GETTING BURNED;@DiGiornoPizza;
0;0;@birchall_tyler what a fucking midget with that looks like a mushroom of mario and got a shape of a apple as a head!;@birchall_tyler;
0;0;The movie "jobs" which is about Steve jobs is outstanding! You don't even have to like apple to think it is a... http:// fb.me/6AKnq3DvE;;
0;0;@PotatoEatme de apple;@PotatoEatme;
0;0;@suuchan1007 Apple がやってる保証です。でも、一年いないなら通常保証があるはずなので、交換してもらえるかもです。 ちなみ Apple は修理を嫌い、新品を送りつけてきます。;@suuchan1007;
0;1;Feel like some apple pie, get it for me and ill give you a slice!;;
0;0;【 Apple 】 Apple 社のメールの画像について - @nifty 教えて広場 http:// dlvr.it/4Ptlzq #Apple;@nifty;#Apple
0;0;I just entered to #win & you can too: ".5-inch: 2.7GHz Apple iMac ($1299 Value)". Enter the #giveaway here: http:// is.gd/HIjvwB;;#win #giveaway
0;0;@Apple _tivi все равно Apple TV, одно из 50 худших гаджетов десятилетия http:// gizmodo.com/5393023/12-thi ngs-you-need-to-know-about-apple-tv-30 …;@Apple;
0;0;【 Apple 】 Apple 、10月のスマホ販売シェアは70%超にー5sの在庫難は影響なし ... http:// dlvr.it/4PtlzY #Apple;;#Apple
0;0;Apple Pie, Beatles Rockband, and some good ol' moonshine with the family. #PerfectThanksgiving;;#PerfectThanksgiving
0;0;【 Apple 】 Googleは Apple の管理ツールを使わない？ - モバイル林檎ニュース http:// dlvr.it/4PtlzG #Apple;;#Apple
0;0;And then I had apple pie;;
0;0;I hereby recommend a 4:2 ratio of apple :pear for thanksgiving pie.;;
0;0;【 Apple 】 Apple オンラインストアのブラックフライデーセールは製品の値引きなし ... http:// dlvr.it/4Ptlyq #Apple;;#Apple
0;0;@ChefQueenie Can't touch the apple pie til a certain someone returns home. :/;@ChefQueenie;
0;0;Apple 、Amazonに続いてMSも参入か。どこぞの権利団体のおかげでアメリカにいいように食われてしまったなぁ。;;
0;0;New discount coupons, available now via the BMC Tackle app, available on Apple , Google Play, and Amazon.;;
1;0;big apple no extra ta mor barato;;
0;0;http:// JUBORAX.com found article on http:// ComputerWeekly.com Apple phishing attacks up #warns #Kaspersky #Lab;;#warns #Kaspersky #Lab
0;0;Coffee and Apple Pie;;
0;0;i just might eat all the apple pie and ice cream;;
0;0;I'm the only one who ever eats the apple pie;;
0;1;@Jackybrown_ nice adams apple;@Jackybrown_;
0;0;That apple crisp;;
0;0;Fender 15 Feet California Instrument Cable - Candy Apple Red - http:// goo.gl/309NCo;;
0;0;#TheStruggle RT @mariblueeee : No room for dessert, but there's pumpkin squares and apple pie. Must struggle through this pain I'm in.;@mariblueeee;#TheStruggle
0;0;@TroyYacy11 I'm serious, there's apple -pear;@TroyYacy11;
0;0;Homemade apple pie and Vermont cheddar cheese. #happygirl;;#happygirl
0;3;Dutch Apple , total win...my request :) @5ToolsPie pic.twitter.com/HuL5Q3ERrd;@5ToolsPie;
0;0;Dinner: latkas and apple pie. #gross #Thanksgiving #Hanukkah;;#gross #Thanksgiving #Hanukkah
0;4;Carmel Apple cheesecake. This shit is the dank. pic.twitter.com/jAgWXKFs2S;;
0;0;@SionTheSh33p haha I have no idea, it lasts longer on 1% than 100%, fucking apple wizardry;@SionTheSh33p;
0;0;Win an Apple MacBook Air @http:// BuzzyMag.com - 12 Days of GiveAways 2013 http:// is.gd/9l1Aqu;@http;
0;0;Trash “ @LoveeNayaaa : apple pie w| ice cream >”;@LoveeNayaaa;
0;0;Стоимость акций Apple побила годовой рекорд;;
0;0;Самый дорогой Mac за всю историю Apple ушел с молотка;;
0;0;Just makin apple juice for Thanksgiving cause good ole Grandpa John said so #happythanksgiving … http:// instagram.com/p/hRwaFHuztW/;;#happythanksgiving
0;0;Apple планирует начать продажи iWatch во втором квартале 2014. «Большой» iPad за;;
0;0;@tsweenn you can get those tiny apple pie things at McDonald's.;@tsweenn;
0;0;Apple Mac OS Macintosh System 7.5 - 1994 - Factory Sealed 3.5" high density floppy disks. New condition on @eBay ! http:// r.ebay.com/V8zCOv;@eBay;
0;0;Forget about the apple ! This is a doctor you will want to visit every day! http:// DrSafelist.com/?rid=1920;;
0;0;@samjewelll Macbook pro if you just want to pay over a thousand dollars for an apple logo on an underpowered piece of shit;@samjewelll;
0;0;apple sauce feels like it's already been chewed for you eeeerk;;
0;0;#Spanish isn't that complicated with this learn app for your #mac http:// goo.gl/fkT5tg #apple #education #teaching #osx #edtech;;#Spanish #mac #apple #education #teaching #osx #edtech
0;0;Skinit Blue Bells and Beech Trees Vinyl Skin for Apple iPhone 3G / 3GS only $11.24 #iphone #iphonecase ... http:// fb.me/2OyskNIVT;;#iphone #iphonecase
0;0;Apple Cheesecake Caramels http:// goo.gl/O2B8sv via @jo_jo_ba;@jo_jo_ba;
0;1;I fucks with apple more than pumpkin.;;
0;0;@edc1591 Apple sauce I see. Yum.;@edc1591;
0;1;MY DADS HOMEMADE APPLE PIE AND CHEESECAKE;;
0;0;Black Friday sales: Today's the best day to get deals on tech from Kogan, Apple , and more! http:// bit.ly/IufzM9 #techheadsau;;#techheadsau
0;0;I'm feeling like Apple pie, Dr.Who, and warm cozy bed. #HappyEnding;;#HappyEnding
0;0;手持ちのiPhone用ケーブルは3本とも同じところがダメになってる。ビニールテープぐるぐる巻き状態。もうちょっと丈夫に作れや Apple pic.twitter.com/WGjpaNiVyQ;;
0;0;QUOTE OF THE HOUR: " apple pie, i been waitin 2 kiss u ALL day!"-Jake #ThisIsAnAdventure #BONZOchronicles;;#ThisIsAnAdventure #BONZOchronicles
0;1;the apple clearly doesn't fall far from the tree pic.twitter.com/xl0zuD5pGV;;
1;0;@_Nashton_xx5SOS iSNT IT APPLE;@_Nashton_xx5SOS;
0;0;Bout to get crunk off apple cider;;
0;0;Apple cider drinks with fireball;;
0;0;@apple _marines おやありd(d∀ﾟ)(ﾟ∀b)b;@apple;
1;1;apple pie is what I look forward to;;
0;0;To actually quit smoking is better with this #app for iPhone - just test it! http:// goo.gl/x18b7d #health #apple #ios #retweet #rt;;#app #health #apple #ios #retweet #rt
0;0;@ShitTalkinVick oh no I don't have friends I meant I have apple pie....;@ShitTalkinVick;
0;0;Okaayyy wkwk " @dwintaan : @akbardx @IntunP @ByGbyy @dhyastoora @sarikmahardhika @apple _faza @mandatys semangat kuliah semuaaa";@dwintaan @akbardx @IntunP @ByGbyy @dhyastoora @sarikmahardhika @apple @mandatys;
0;0;Eve made Adam eat the apple & now its illegal to be naked. Buy the Yeezy's;;
0;0;Pumpkin, apple , peanut butter and chocolate cream pies dominated, as were the chocolate cake and Andes mints. pic.twitter.com/qz0T5V8EAm;;
0;0;Ate 2 servings of oatmeal. 2 apples. Apple sauce. Cut of flaxseed milk. 2tbsp of flaxseeds. Strawberry cheescake quest bar.;;
0;0;Apple pie, pumpkin pie, homemade sweet potato and vanilla ice cream, and mini cupcake. http:// instagram.com/p/hRwpVcNmRO/;;
0;0;my mom got peach pie instead of apple . PEACH;;
0;0;This apple pie tho >>>>>;;
3;5;the only problem on thanksgiving is deciding whether to have apple or pumpkin pie;;
0;0;These apple discounts are some bull;;
0;0;Bout to get a candy apple;;
0;0;Jolla, Ponsel Anyar Buatan Mantan Karyawan Nokia: Inikah kompetitor Apple dan Samsung yang sebenarnya? http:// bit.ly/1jOYzM2;;
0;0;andrew: i bought a $20 apple pie from acme !! me: is it good ? andrew: this shits fuckin awesome !! #bestapplepie;;#bestapplepie
0;0;@lamour__pur apple pie can be added to that, don't get that all the time, but everything else is normal;@lamour__pur;
0;1;This Apple Pie is literally sparkling pic.twitter.com/ZhJaYjRjP5;;
0;0;Jolla, Ponsel Anyar Buatan Mantan Karyawan Nokia: Inikah kompetitor Apple dan Samsung yang sebenarnya? http:// bit.ly/1jOYzM2;;
0;0;I just entered to #win & you can too: ".5-inch: 2.7GHz Apple iMac ($1299 Value)". Enter the #giveaway here: http:// is.gd/YSMUqT;;#win #giveaway
0;0;We haven’t even had turkey yet.. I’ve ate so many apple slices and strawberries though I’m not sure I even want any anymore lol;;
0;0;Jolla, Ponsel Anyar Buatan Mantan Karyawan Nokia: Inikah kompetitor Apple dan Samsung yang sebenarnya? http:// bit.ly/1jOYtUD;;
0;0;@sirwheaton ooo will have to try that one. Wife recently got an angry orchard cinniful apple cider or something like that. Quite tasty.;@sirwheaton;
0;1;My mom should buy apple cider everyday;;
0;1;Apple crisp and vanilla ice cream;;
0;0;É mesmo. Vocês tratem de fazer desconto da Apple TV. Se estiver no preço do dólar, ou seja, 250 reais, eu compro.;;
0;0;Jolla, Ponsel Anyar Buatan Mantan Karyawan Nokia: Inikah kompetitor Apple dan Samsung yang sebenarnya? http:// bit.ly/1iYgGBx;;
0;0;#geek #nerd #gamer : Analyst: Apple rolling out Retina #iPad mini... http:// gkgk.us/1cJeF78 #BenjaminPimentel #CommentsApple #RetailStores;;#geek #nerd #gamer #iPad #BenjaminPimentel #CommentsApple #RetailStores
0;0;I'm extremely full but I wanna try the apple pie I made;;
0;0;Jolla, Ponsel Anyar Buatan Mantan Karyawan Nokia: Inikah kompetitor Apple dan Samsung yang sebenarnya? http:// bit.ly/1jOYDex;;
0;2;My brother is eating apple pie out of a plastic cup..;;
0;0;Guess whose staying up till #apple Black Friday sale ..... Starting to miss the sleep;;#apple
0;0;TURN DOWN FOR WHATzz......... With apple cider;;
0;0;@Nicki_Dested i got super glue an apple juice;@Nicki_Dested;
0;2;Can I marry this apple pie;;
0;0;Ayyyeee apple cider be goin up;;
1;2;If you wish to make an Apple Pie from scratch, you must first invent the Universe. #HappyThanksgiving pic.twitter.com/MddraRJtGj;;#HappyThanksgiving
0;2;I'm a beast at baking apple pies #hyfr pic.twitter.com/yQGhKs348q;;#hyfr
0;1;@Hawksfan22 you too! Eating apple pie and watching @SeinfeldTV;@Hawksfan22 @SeinfeldTV;
1;0;3 pie pile up! Chocolate pecan, pumpkin and apple . All the classics! #wowmoment #thanksgiving … http:// instagram.com/p/hRwbyOn4LD/;;#wowmoment #thanksgiving
0;0;Apple iPhone 5c (Latest Model) - 16GB - Blue (Factory Unlocked) Smartphone: $485.00 (3 Bids)End Date: Friday ... http:// tinyurl.com/mv9u7po;;
0;1;@AVI_fuXXwithIT apple pies go quickly lol;@AVI_fuXXwithIT;
0;0;Apple iPhone 5C 16GB - Very Good Condition White AT&T Smartphone: $61.00 (15 Bids)End Date: Friday Nov-29-201... http:// tinyurl.com/l9e3b4m;;
0;2;Hot apple pie & vanilla ice cream. Nothing better.;;
0;0;Apple display material transparent PNG: &nbsp;&nbsp;&nbsp;&nbsp; &nbsp;&nbsp;&nbsp;&nbsp… http:// goo.gl/fb/e4Yfu;;
0;0;Who's going to come over and watch the apple cup with me tomorrow;;
0;0;Yum yum yum I love home made apple pie and whip cream;;
0;1;Apple bottom jeans... Boots wif da fur;;
0;0;Video: #Apple #iPad mini 2 vs #Google Nexus 7 #Tech #Gadget http:// ow.ly/rgMB4;;#Apple #iPad #Google #Tech #Gadget
0;0;iOS7後でApple公認じゃないと充電されないケースもある、変な充電器だと爆発するって言われたんだけど、 pic.twitter.com/gkPbgVdoRd;;
0;0;The apple pie I made! #thanksgiving #domesticduties http:// instagram.com/p/hRwi_2oLUJ/;;#thanksgiving #domesticduties
0;0;Apple pie is all my lil heart desired;;
0;0;@Kyllllieeee come over to ours. We have pie: apple , pumpkin, mince. And COFFEE! Tempted? No? We also have AAAllleeexxxx!!! Now?;@Kyllllieeee;
1;4;Nothing beats apple pie and vanilla ice cream;;
0;0;New post: Apple &#039;s Black Friday special: Gift cards? http:// whatisseox.com/apples-black-f riday-special-gift-cards-5/ …;;#039
0;0;Video: #Apple #iPad mini 2 vs #Google Nexus 7 #Tech #Gadget http:// ow.ly/rgMBa;;#Apple #iPad #Google #Tech #Gadget
1;0;In love with apple pie;;
0;0;Dried #apple with #chocolate my first try is done. Tomorrow i know if it tastes as #awesome as it… http:// instagram.com/p/hRwkY1D9CS/;;#apple #chocolate #awesome
0;0;This is pretty neat: http:// goo.gl/77aKVz Learn #French spelling on your #mac #apple #backtoschool #education;;#French #mac #apple #backtoschool #education
0;1;Apple juice falling from her lips, took a little sip;;
0;1;@jennyluv27 I'm an American .. apple for me. Lol;@jennyluv27;
0;3;This apple cider totally tastes like beer..;;
0;3;I was promised apple pie and that's what I expect! I don't give a yam about any other dessert! #Applepieordie;;#Applepieordie
0;0;Apple Cider pic.twitter.com/MeBZcgNyCb;;
0;0;Jolla, Ponsel Anyar Buatan Mantan Karyawan Nokia: Inikah kompetitor Apple dan Samsung yang sebenarnya? http:// bit.ly/1jOYDex;;
0;0;Apple &#039;s Black Friday Deals Go Live in Australia http:// go.yeyoh.com/1bZIT4e #Apple #BlackFriday;;#039 #Apple #BlackFriday
0;0;C #IPODPLAYERPROMO #IPOD #IPAD #ITUNES #APPLE #PROMO#IPODPLAYERPROMO @apple @itune;@apple @itune;#IPODPLAYERPROMO #IPOD #IPAD #ITUNES #APPLE #PROMO #IPODPLAYERPROMO
0;0;A little pumpkin pie, a little apple crisp. Gotta have ice cream and whipped cream on there of course.… http:// instagram.com/p/hRwlccLdoW/;;
0;2;Just tryna get a piece of that apple pie #sheknows;;#sheknows
0;0;Jolla, Ponsel Anyar Buatan Mantan Karyawan Nokia: Inikah kompetitor Apple dan Samsung yang sebenarnya? http:// bit.ly/1jOYtUD;;
0;0;NSA spying uproar risks costing U.S. tech firms like Google, Apple US$35-billion in sales http:// business.financialpost.com/2013/11/26/nsa -spying-uproar-risks-costing-u-s-tech-firms-like-google-apple-us35-billion-in-sales/?__lsa=0919-9219 … #privacy;;#privacy
0;0;New favorite tablet! Apple iPad 4th Gen with Retina Display 32GB, WiFi + 4G Verizon on @eBay http:// r.ebay.com/NAlHsQ;@eBay;
0;0;This sticky-sweet filling will have your guests swooning. Apple Cranberry Pudding Cake: http:// ow.ly/rgP0j;;
0;0;Target Arms Black Friday Shoppers With Improved Maps, Shopping Lists And New iOS 7 UI http:// weeder.org/rLHW74j #apple #mac;;#apple #mac
0;0;@TheRealNuss all about apple my boy;@TheRealNuss;
0;0;Black friday na Apple BR: kd;;
0;0;APPLE CRISP HYFR;;
0;0;Brasil notifica Apple por derechos de consumidor http:// gestion.pe/empresas/brasi l-notifica-apple-derechos-consumidor-2082300 …;;
0;0;MOM LET ME EAT THE WHOLE APPLE PIE;;
0;0;@holo_ apple おはよう！昨日は良く眠れたか？;@holo_;
0;0;Jolla, Ponsel Anyar Buatan Mantan Karyawan Nokia: Inikah kompetitor Apple dan Samsung yang sebenarnya? http:// bit.ly/1jOZcVS;;
0;0;Ate somewhat okay . Stayed under 500 for the day ... But why the hell did I just go back for apple pie;;
0;0;I blame everything on Eve .. If she aint feed the homie Adam dat apple mane smh;;
0;0;Jolla, Ponsel Anyar Buatan Mantan Karyawan Nokia: Inikah kompetitor Apple dan Samsung yang sebenarnya? http:// bit.ly/1jOYtUD;;
0;0;@earl_ apple １時半頃に、関東在住の方が軒並み「地震だ」とゆってました……すごい爆睡してたｗｗ（ワリといつもは、気付くほうでなのに……）;@earl_;
0;1;Spiked apple cider;;
0;0;Apple オンラインStoreで買った、SmartCase。GeniusBarで見てもらって不具合確認されたけど、オンラインStoreで購入してるから、そちらに連絡するようにとの事。アクセサリーだから店舗で、交換やら修理対応してくれないのかな。;;
0;0;@jamescroft should have told me about the affiliate link earlier! I’ve spent about $900 on the apple store this month.;@jamescroft;
0;0;So iOS 7 seems incompatible with enjoying both audio *and* video through Apple 's own HDMI cable? Nice move, crippling your own devices…;;
0;0;i really hate Apple;;
0;0;#desert apple pie and ice cream bout to smash before heading out!!! http:// instagram.com/p/hRwhveTcCZ/;;#desert
0;0;You can learn #languages with your mac! Learn how to communicate in #German http:// goo.gl/Do6ZPs #apple #mac #edtech;;#languages #German #apple #mac #edtech
1;1;Apple crisp so goood;;
0;0;@bielzidi @PeeHunas HAHAHA esse caraleo chamado Apple , vou demora a minha acostumar, se eu comprar outro =X;@bielzidi @PeeHunas;
0;0;@FlorianDeParis @Tuetuopay Bawi. HTPC = très cher. Apple TV = 120€, fonctionne à la perfection, partout, tout le temps.;@FlorianDeParis @Tuetuopay;
0;0;Get better scores in #Russian with jbvTeacher http:// goo.gl/htU6cS for #mac #apple #education #backtoschool;;#Russian #mac #apple #education #backtoschool
0;0;Jolla, Ponsel Anyar Buatan Mantan Karyawan Nokia: Inikah kompetitor Apple dan Samsung yang sebenarnya? http:// bit.ly/1jOYtUD;;
0;0;Skinit Blue Bells and Beech Trees Vinyl Skin for Apple iPhone 4 / 4S only $11.99 #iphone #iphonecase ... http:// fb.me/3jJaz3EQi;;#iphone #iphonecase
0;0;Anyone know where the hashtag is on an Apple keyboard? Can't seem to find it anywhere!;;
0;0;Worth reading : http:// lnkd.in/dg3wuZd #Apple #SteveJobs;;#Apple #SteveJobs
2;1;Photo: When one is not enough @thejuicebox #heartbeet #coldpress #organic #juice #beet #apple #celery ... http:// tmblr.co/ZQPTlp-jcDlm;@thejuicebox;#heartbeet #coldpress #organic #juice #beet #apple #celery
0;0;@madiepauley isn't it like apple to apples;@madiepauley;
0;0;When one is not enough @beadybee #heartbeet #coldpress #organic #juice #beet #apple #celery #parsley … http:// instagram.com/p/hRwdcKhOK_/;@beadybee;#heartbeet #coldpress #organic #juice #beet #apple #celery #parsley
0;0;@apple _woralak เอ่อยยยยย หล่อจริงนะเนี่ยยยย;@apple;
1;4;I'm thankful to have a girlfriend that can cook damn good apple pies. #FatBoyStatus;;#FatBoyStatus
1;0;YYYYEEEEEESSSSSSSSSSSSS OMGGGGGG RT “ @JordanGame6 : I wish Mcdonald's was open so I could get an apple pie”;@JordanGame6;
0;0;@ComeDr0wnWithMe no I can do it it just takes REALLY REALLY REALLY LONG BECAUSE APPLE IS STUPID;@ComeDr0wnWithMe;
0;0;Barra libre de Green Apple #Exceso;;#Exceso
2;0;Ministerio da Justiça exige explicações da Apple sobre a cobrança em doláres no Brasil http:// ibootfix.com.br/?sec=ver&post= 1359 … #iPhone via @ibootFix;@ibootFix;#iPhone
0;0;@apple _bot_bot @S_NozomuBOT @AfuBot @sayuri_bot @77narukamiaoi @busters_bot @mamimamiru_bot おはよう おやすみ ただいま 寒い #相互フォロー100 ％ #RTした人全員フォロー;@apple @S_NozomuBOT @AfuBot @sayuri_bot @77narukamiaoi @busters_bot @mamimamiru_bot;# #RT
0;0;Apple pie, pumpkin bread & pumpkin cheesecake I think I gained 5 pounds lol;;
0;1;i love apple peels (:;;
0;0;You can learn #languages with your mac! Learn how to communicate in #German http:// goo.gl/8thw6V #apple #mac #edtech;;#languages #German #apple #mac #edtech
0;0;All I want for Christmas this year is an #ipad that's it #Apple;;#ipad #Apple
0;0;Green Apple Skittles fuckin smack !;;
0;0;Windows don't want it with Apple;;
0;0;Jolla, Ponsel Anyar Buatan Mantan Karyawan Nokia: Inikah kompetitor Apple dan Samsung yang sebenarnya? http:// bit.ly/1jOYtUD;;
0;0;#NiallHoran and the boys have One hell of a laugh in Big Apple http:// shar.es/DvVwj via @Independent_ie;@Independent_ie;#NiallHoran
0;0;Apple Stores set holiday hours for Thanksgiving and Black Friday - http:// aol.it/198g4BM #Technology;;#Technology
0;1;Playing apples to apple and find a card that says "kory braman" needless to say it was from a swim party;;
0;1;@mariam0128 NO I JUST WANTED AN APPLE PIE DAMMIT;@mariam0128;
0;0;4pm RT @Apple _Dip : Y'all have to work tomorrow?;@Apple;
0;1;16 Pilihan aroma: Almond Nut, Apple , Avocado, Chamomile, Cherry, Chocolate, Coffee, Green Tea #ProdukBaliRatih (1);;#ProdukBaliRatih
0;1;Drowning my single sorrows in Apple pie and eggnog;;
0;0;Apple za měsíc prodal 4 miliony iPadů mini s Retina displejem. http:// mobilizujeme.cz/clanky/apple-z a-mesic-prodal-4-miliony-ipadu-mini-s-retina-displejem/ …;;
0;0;Jolla, Ponsel Anyar Buatan Mantan Karyawan Nokia: Inikah kompetitor Apple dan Samsung yang sebenarnya? http:// bit.ly/1jOYtUD;;
0;0;Apple pie just ain't the same no more.;;
0;0;Apple Cidercar;;
0;0;She's huntin down the apple pie http:// instagram.com/p/hRwdiOhpua/;;
0;0;Apple Pie Anyone? #applepie #deepfriedapplepie #dessert http:// instagram.com/p/hRwYQmSP3t/;;#applepie #deepfriedapplepie #dessert
0;1;Coffee, apple pie, & the breakfast club;;
0;0;So apple pie came in 1st! 2nd cherry cheesecake, 3rd pumpkin pie, 4th raspberry cheesecake, 5th cherry… http:// instagram.com/p/hRwNfVLmg8/;;
0;0;@saka__maki おはようございます*\(^o^)/* ワタシも常日頃iPadで半角カナ入れらんないん？て疑問を抱いていたので調べましたら「 Apple 製品だと無理ぽΣ（ﾟдﾟlll）」て事がわかってしまいましたww http:// www13.plala.or.jp/bigdata/kana.h tml … ここ参照でw;@saka__maki;
1;0;Life was much easier when apple and blackberry were just fruit!!!!;;
0;0;WIN an Apple iPad Mini http://www. royaldraw.com/draws/countrie s/united-states?drid=MTM1OQ==&rcsrc=YXV0b1R3ZWV0 …;;
0;0;Warm apple pie an ice cream #heaveninmymouth;;#heaveninmymouth
1;1;lol at ppl who think the Apple Store does Black Friday #laffing;;#laffing
0;0;Damn ...It's fun testing how good my time estimation is - really cool :) http:// goo.gl/q1gVAq #game #ios #retweet #app #apple #time;;#game #ios #retweet #app #apple #time
0;0;I just got a free 1st Gen Ipod from apple .;;
0;0;@annamarina mine would be an apple . Or cheese & crackers. Or popcorn. Probably popcorn #itsawholegrain;@annamarina;#itsawholegrain
0;0;Warm apple cider and salted caramel vodka is really damn good... You're welcome.;;
0;1;Apple /Peach Yum. pic.twitter.com/Amltzpfpmj;;
0;0;S/o to me for making the dankest apple pies every year;;
0;0;Jessica may have to choose between two men. Life Sentence http:// ow.ly/oLGjT #iPad #apple;;#iPad #apple
0;1;Goodness the amount of desserts I have is crazy... Ensalada de manzana, flan, apple pie, pumpkin pie, pumpkin bread, & dulce de leche cake;;
0;0;All I've eaten is an apple and I'm already full #sumtingIzWrongWitmeh;;#sumtingIzWrongWitmeh
0;0;NINA RICCI APPLE 80ml Back in stock!!! Hurry!! Limited Stock!! PM us for best price!! We guarantee that all... http:// fb.me/2HxMq90yt;;
0;1;My nanny just gave me a mason jar full of apple pie moonshine, taking turkey day to a entire new level;;
1;1;Apple Pie is the way to my heart.;;
0;0;Apple модифицировала поисковый механизм App Store;;
0;0;Jolla, Ponsel Anyar Buatan Mantan Karyawan Nokia: Inikah kompetitor Apple dan Samsung yang sebenarnya? http:// bit.ly/1iYguC8;;
0;0;Apple pie is a gift from God;;
0;0;@suuchan1007 @nobutakay Apple ケアしてますか？;@suuchan1007 @nobutakay;
0;0;NINA RICCI APPLE 80ml Back in stock!!! Hurry!! Limited Stock!! PM us for best price!! We guarantee… http:// instagram.com/p/hRwgBSrjnR/;;
0;1;Apple Inc. (AAPL) iPhone 5S Production Shows Impressive Numbers - ValueWalk http:// dlvr.it/4PtlBP;;
0;0;Jolla, Ponsel Anyar Buatan Mantan Karyawan Nokia: Inikah kompetitor Apple dan Samsung yang sebenarnya? http:// bit.ly/1jOZ7kN;;
1;0;#Kindle Freebie: NO EXIT (The Apple Grove Gang) by Hamilton C. Burger: http:// vew.im/vjzr #ebblitz;;#Kindle #ebblitz
0;0;Apple pies are done!!! I made two one with whole wheat flour, brown sugar, coconut milk and coconut… http:// instagram.com/p/hRvDipNKbs/;;
0;0;My mom makes the dankest apple pie;;
0;4;I never thought Id see the day where my dad was routin for the Cougs during the apple cup. Ive successfully turned him to the good side;;
0;0;Стоимость акций Apple побила годовой рекорд;;
0;0;eating apple pie, pound cake, & icecream;;
0;0;My caramel apple cupcakes are gonna be the biggest hit of thanksgiving dinner;;
0;0;Jolla, Ponsel Anyar Buatan Mantan Karyawan Nokia: Inikah kompetitor Apple dan Samsung yang sebenarnya? http:// bit.ly/1jOZ6NR;;
0;0;I wish Mcdonald's was open so I could get an apple pie;;
0;0;@jillyarmdiff as crisp as a Versace Apple;@jillyarmdiff;
0;0;Jolla, Ponsel Anyar Buatan Mantan Karyawan Nokia: Inikah kompetitor Apple dan Samsung yang sebenarnya? http:// bit.ly/1jOYtUD;;
0;0;I want some apple pie;;
0;0;@vilagiuli giuli el sabado hay un evento Jack Daniel´s en Apple y estas invitada, pedime free y vips 1158275795 - 2665906A;@vilagiuli;
0;0;Apple планирует начать продажи iWatch во втором квартале 2014. «Большой» iPad за;;
0;0;@DeathB4Hunger I've been eating apple pie...the good stuff.;@DeathB4Hunger;
0;11;omg my dad made this from an apple pic.twitter.com/4DBq59GyaK;;
0;0;В США только четвертая часть всех iPhone продается через Apple Store;;
0;0;@PeeHunas @bielzidi ai mas eu gosto tanto da apple . Não me prendia tanto, mas enfim, acho que vou encarar ou um Moto X ou Moto G.;@PeeHunas @bielzidi;
0;0;Drinking apple cider out the bottle screaming #turndown4WHAT;;#turndown4WHAT
0;0;so turnt up with my apple cider rn guys am i right?;;
0;0;Some good apple pie! Made by my sister! http:// instagram.com/p/hRwZ8gRufT/;;
0;0;Former Husky and Cougar Players Preview the Apple Cup http:// washington.247sports.com/Article/2013-A pple-Cup-Has-More-Than-Just-a-Trophy-On-the-Line-163356 … via @247Sports;@247Sports;
0;0;In Amanda's corner: Apple http:// instagram.com/p/hRwdphr8cl/;;
0;0;Jolla, Ponsel Anyar Buatan Mantan Karyawan Nokia: Inikah kompetitor Apple dan Samsung yang sebenarnya? http:// bit.ly/1jOYtUD;;
0;0;Pecan and Apple pie #foodcoma #itis http:// instagram.com/p/hRu92uAp0M/;;#foodcoma #itis
0;0;Apple Objects to Monitor’s Fees in E-Books Antitrust Case http:// bloom.bg/ItHOuz;;
0;2;non-crumb apple pie and no blueberry. I give this thanksgiving an F for my pie review. this holiday is ruined.;;
0;0;Jolla, Ponsel Anyar Buatan Mantan Karyawan Nokia: Inikah kompetitor Apple dan Samsung yang sebenarnya? http:// bit.ly/1jOYtUD;;
0;0;@TheeChefSanchez I have apple pie waitin for youu ;);@TheeChefSanchez;
0;0;Apple pie is so delicious!;;
0;1;Apple pie > pumpkin pie;;
0;0;Jonathan securing his left over apple pie #helovesapplepie . #takingithome http:// instagram.com/p/hRwIxtBE2B/;;#helovesapplepie #takingithome
0;0;New purple UW license plate fires up Apple Cup rivalry - KOMO News http:// bit.ly/1cAUfxx;;
0;0;Made the apple pie and pumpkin pie;;
1;1;Apple pie is my life;;
0;0;@Russell_Davis Woodford reserve Bourbon shaken with muddled apple , cinnamon, brown sugar and angostura bitters. Tastey;@Russell_Davis;
0;0;@Platyy Apple bottom jeans;@Platyy;
0;0;Oh yeah this apple pie I made right here!!! #yummy pic.twitter.com/IXoe92y4hu;;#yummy
0;0;I want apple pie;;
1;1;Apple pie, vanilla ice cream and whipped cream;;
0;0;1.5 hours ago. Kitchen cleaned up ready for pumpkin roll, warm apple pie w/ice cream and pumpkin pie w/whipped cream pic.twitter.com/H3rYXgYqzy;;
0;0;Jolla, Ponsel Anyar Buatan Mantan Karyawan Nokia: Inikah kompetitor Apple dan Samsung yang sebenarnya? http:// bit.ly/1jOYtUD;;
0;0;Just had some cheese cake and apple pie;;
0;0;Jolla, Ponsel Anyar Buatan Mantan Karyawan Nokia: Inikah kompetitor Apple dan Samsung yang sebenarnya? http:// bit.ly/1jOYtUD;;
0;0;I'm thankful for my family of course but I might be a little more thankful for homemade apple pie right now;;
0;0;Yess apple pie!!!!! Mmmmmm;;
0;0;Washington Apple #4 let's go #Oakland;;#4 #Oakland
0;0;Bullshit RT @Jgiannelli02 : Warm apple pie, cold vanilla ice cream and How to Lose a Guy in 10 Days to finish this wonderful Thanksgiving.;@Jgiannelli02;
0;2;Why have I never tried apple pie before today.... Omg so delicious;;
0;1;HOLY SHIT! IT'S APPLE CARAMEL PIE! pic.twitter.com/7BtSlkorw9;;
0;0;Celebrity Predictions for the Apple Cup http:// dlvr.it/4PtklM;;
0;0;「iWork for iCloud」、共同編集機能強化とプリンタ出力機能追加(「 Apple 」最新記事一覧‐ITmedia キーワード) / http:// bit.ly/1eTfsY0;;
0;0;Jolla, Ponsel Anyar Buatan Mantan Karyawan Nokia: Inikah kompetitor Apple dan Samsung yang sebenarnya? http:// bit.ly/1jOYtUD;;
0;1;I eat the apple and the pumpkin pie, you're not eatin right if you disown one or the other;;
0;0;@Viddy we are talking #Android app which has over taken apple ............how can u still not connect to twitter;@Viddy;#Android
0;0;@rync8 my work truck said the same thing to me last week. I think they're hinting at a new Apple product (the IBOOBS?);@rync8;
0;0;"Eve made Adam eat the apple & since then walking naked in public has been illegal". Lmao, Kanye;;
0;0;Jolla, Ponsel Anyar Buatan Mantan Karyawan Nokia: Inikah kompetitor Apple dan Samsung yang sebenarnya? http:// bit.ly/1jOYtUD;;
0;0;@marisss_13 my apple pie said it's false. You cant deny the apple pie.;@marisss_13;
0;0;Black Friday 2013: The Best Deals on Apple Products - The Apple Insider http:// bit.ly/1caZzJD #YummyApple;;#YummyApple
0;0;VERA BRADLEY APPLE GREEN HANDBAG TOTE EUC RETIRED FREE SHIPPING $25.00 http:// bit.ly/17Z3OXl #women #handbag;;#women #handbag
0;0;Jolla, Ponsel Anyar Buatan Mantan Karyawan Nokia: Inikah kompetitor Apple dan Samsung yang sebenarnya? http:// bit.ly/1jOYtUD;;
0;0;No banana pudding or apple pie smh I jus want a happy tummy;;
0;2;@DontFailDane @austin_ apple we have a long 12 hours ahead of us;@DontFailDane @austin_;
0;0;This Apple pie>>>;;
0;0;Hmmm.. which pie? Pecan or Caramel Apple Cheesecake pic.twitter.com/zvcdrKOEkA;;
0;0;Nobody better had touched the rest of my apple pie yo;;
0;0;Also #windows can't make a commercial without saying "No really, we're better than Apple /Chrome!" or just plain ripping off Apple marketing.;;#windows
0;0;@apple _teako 出るの遅くないスか？いってらー;@apple;
0;2;Apple pie is heaven. Pure heaven.;;
0;0;just realized/found out @EdGreerDestroys is an apple snob... #ofallthethingstobesnootyabout;@EdGreerDestroys;#ofallthethingstobesnootyabout
0;0;Yo queriendome comprar un iPad a precio Black Friday (nose si estará rebajado). La Apple Store colapsada. #LOL;;#LOL
0;0;I don't even want no pie. It's not apple so I don't need it tonight;;
0;0;prepping to bake old-fashioned apple crisp http:// instagram.com/p/hRwQU1IRck/;;
0;0;Apple Won 76% of Japan Smartphone Sales in October, Kantar Says http:// bloom.bg/1dD222x;;
0;0;Jolla, Ponsel Anyar Buatan Mantan Karyawan Nokia: Inikah kompetitor Apple dan Samsung yang sebenarnya? http:// bit.ly/1jOYtUD;;
0;0;@Blanee12 *another apple dumpling;@Blanee12;
0;0;Why one man thinks apple pie has no place at Thanksgiving - http:// tesla-power.jam-net.com/why-one-man-th inks-apple-pie-has-no-place-at-thanksgiving-4/ …;;
0;0;Dress up your Apple iPhone 3/3GS in sexy leopard “fur” http:// bit.ly/V4iMAw;;
0;0;OK - apple people. Where the hell is the Update All button on the dropbox app for ipad?;;
0;1;I inform Jarrod that I made the apple pie this year. He threatens me that it better taste good, because pies are apparently like books.;;
0;0;Take a Look--> The Legend of Zelda - Big Triforce Apple iPhone 5 Case http:// bit.ly/14sSDDZ;;
0;0;@jmgarrido aki esperando que la habrán para ver si ampliamos la familia apple;@jmgarrido;
0;1;Reds Apple Ale;;
0;0;Why one man thinks apple pie has no place at Thanksgiving - http:// tesla-power.jam-net.com/why-one-man-th inks-apple-pie-has-no-place-at-thanksgiving-3/ …;;
0;0;This learning tools is really cool for #Italian It got more than 4000 words http:// goo.gl/Gam4hv #apple #education #learning #osx #edtech;;#Italian #apple #education #learning #osx #edtech
0;0;Apple pie;;
0;0;Jolla, Ponsel Anyar Buatan Mantan Karyawan Nokia: Inikah kompetitor Apple dan Samsung yang sebenarnya? http:// bit.ly/1jOYWWS;;
0;1;Cuándo me aburro y le pego un repaso a las listas de Twitter que estoy encuentro cosas como " Apple " "Solo Sunne" XD "Gente pornosa""Kill"!;;
0;3;Warm apple pie makes me very happy;;
0;0;I'm taking apple pie and mashed potatoes to school for the upcoming week. #fuckyeah;;#fuckyeah
0;0;#BERITA Jolla, Ponsel Anyar Buatan Mantan Karyawan Nokia: Inikah kompetitor Apple dan Samsung yang sebenarnya? http:// bit.ly/1jOYtUD;;#BERITA
0;1;Watching America's team, drinking apple cider & tweeting clichés about the holidays.;;
0;0;Hennessy and Apple juice;;
0;0;@Xmrkez seriously ?!!! Smfh spoiled!! My aunt feeding this mutt apple pie and Greek yogurt smh #icant;@Xmrkez;#icant
0;1;Even when I'm older I'll be drinking apple cider on thanksgiving;;
0;1;I like Apple products, and in a way I don't.;;
0;0;OMG! Every time I have eaten a piece of apple pie the Cowboys have scored! This cannot be a coincidence someone go get me another apple pie!;;
2;2;Apple pie, pecan pie, any other kind of pie other than pumpkin pie is so gross.;;
0;0;“ @Alex_theGREAT_1 : 1 plate and I'm out for the count...I will be getting apple pie later tho ”all about pea can my nigga;@Alex_theGREAT_1;
0;0;Jolla, Ponsel Anyar Buatan Mantan Karyawan Nokia: Inikah kompetitor Apple dan Samsung yang sebenarnya? http:// bit.ly/1jOYtUD;;
0;1;Apple cider sangria and blue moons to end the night >>>;;
0;1;Apple cider in a champagne glass .;;
0;1;The apple doesn't fall far from the apple tree.;;
0;1;Can someone make me an apple pie? I'd love you long time;;
0;1;#funfact I hate all pie besides coconut cream and apple;;#funfact
0;0;My moms homemade apple pies;;
0;1;@JRAM_91 they gave up on trying to do the same to apple;@JRAM_91;
0;0;Win a new Apple iPad Mini! via @perfectfittech http://www. perfectfittech.com/pages/giveaway;@perfectfittech;
0;0;Jolla, Ponsel Anyar Buatan Mantan Karyawan Nokia: Inikah kompetitor Apple dan Samsung yang sebenarnya? http:// bit.ly/1jOYtUD;;
0;0;i love apple pie;;
0;0;Well, the Maple Pecan Apple Crisp was a hit! http:// instagram.com/p/hRwXMIr6qi/;;
0;0;@frannovoaok fran el sabado hay un evento Jack Daniel´s en Apple y estas invitado, 1158275795 - 2665906A;@frannovoaok;
0;0;There is Apple Ale here fuuck yuss;;
0;0;Happy Thanksgiving, my fellow Americans. To everyone else, enjoy some pie, maybe pecan. unless you're allergic to nuts, then apple perhaps?;;
0;0;Apple のイヤホン恐るべし 洗濯して乾燥しても生き残った…;;
0;0;Apple Pie http:// instagram.com/p/hRwVEiyu9a/;;
0;0;@Harry_Styles I like apple pie.;@Harry_Styles;
0;0;I'm thankful for Call of Duty and apple pie.;;
0;0;Keurig K-CUPS Variety Sampler Pack Sweet Cappuccinos and Apple Cider - 5 Count! http:// ift.tt/1aZdfqN;;
0;1;Sweet potato pie >>>>> Apple pie.;;
0;1;That apple pie was like a kill shot;;
0;1;My mom: Do you want chocolate, apple , or pumkin pie? My dad: Yes Hahah I think he wants them all!;;
0;0;I don't even think the apple stores have deals on Black Friday but people still camp out at the doorways;;
0;0;Apple juice fallin frm her lips;;
0;0;@MelanieJFarkas @USATODAY team pumpkin but only on holidays.. apple the rest of the time;@MelanieJFarkas @USATODAY;
0;1;@DudePlayingGoal apple if it's warmed up with icecream and pumpkin if it's topped with whipped cream!;@DudePlayingGoal;
2;10;My annual from-scratch apple pie. There's a reason I only make it once a year... #yum pic.twitter.com/cj6i2IMwiT;;#yum
0;2;Btdubs, I made a bad ass homemade Apple Crisp from scratch for Thanksgiving dessert. It was delicious. #housewifematerial;;#housewifematerial
0;0;#NewsUpdate Jolla, Ponsel Anyar Buatan Mantan Karyawan Nokia: Inikah kompetitor Apple dan Samsung y... http:// bit.ly/1jOYtUD #Siwalalat;;#NewsUpdate #Siwalalat
0;4;And Redd's apple ale >>>;;
0;0;Apple pie cheesecake pic.twitter.com/SPnSRNwPhj;;
0;0;Apple iPad Air Review! http:// youtu.be/Hr8E-_yU2YA;;
0;1;@LaurenLopez1 My mom kind of burned the apple crisp, but we have mousse too, so it's okay! pic.twitter.com/RuYJpRaRYL;@LaurenLopez1;
0;3;Who told Microsoft that it's good marketing to constantly bash competitors by name ( Apple and Google) in commercials? #Weak;;#Weak
0;0;Jolla, Ponsel Anyar Buatan Mantan Karyawan Nokia: Inikah kompetitor Apple dan Samsung yang sebenarnya? http:// bit.ly/1jOYtUD;;
0;0;Apple iPad 2 Polyurethane Smart Cover - Light Blue (MC942LL/A) MC942LL/A http:// fb.me/16hzFziFz;;
0;1;My cousin just spilled all her apple cider on me like there are ten other people here like this is my life;;
0;0;“@AronDavidGarza: Microsoft Tablets shit on every other tablet.” but Apple shits on everything;@AronDavidGarza;
0;0;Yummy apple pie for thanksgiving! pic.twitter.com/gjh7yRKa7z;;
0;0;@govoni_jeff apple or chocolate cream;@govoni_jeff;
0;0;A Very 21st Century Thanksgiving http:// bit.ly/1ijrUCG #socialmedia #tech #apple;;#socialmedia #tech #apple
0;0;- this Apple pie is good asf;;
0;0;Apple voulait détruire Dropbox http:// bit.ly/1hlHAUE #salo;;#salo
0;0;Apple pie is my favorite part of Thanksgiving;;
0;0;Global Bitcoin Computing Power Now 256 Times Faster Than Top 500 Supercomputers, Combined! http:// bit.ly/1ijrUCC #socialmedia #tech #apple;;#socialmedia #tech #apple
0;0;@BawnShurger I love apple pie and I love old bay but that is disgusting;@BawnShurger;
0;0;Watch SpaceX first’s first mission to geostationary orbit live in 20 minutes http:// bit.ly/1ijrWuu #socialmedia #tech #apple;;#socialmedia #tech #apple
0;0;Apple pie pic.twitter.com/VFYengVAz0;;
0;0;Design in the cloud: Creative tools start embracing the HTML5 revolution http:// bit.ly/1ijrWus #socialmedia #tech #apple;;#socialmedia #tech #apple
1;0;Hm. Apple pie soon;;
0;0;2NITE #SocialThursdayz " |$15 Hookah . |$5 Cosmo's &a mp; Apple Martini's til 12am | $7 Tokyo Teas | @… http:// instagram.com/p/hRwR9yD61J/;@;#SocialThursdayz
0;1;The stuff some people say is just #ToooFunny @amazing_cars123 #Cars calling an apple an orange? #Lol #WTF pic.twitter.com/3B1zAaWfLs;@amazing_cars123;#ToooFunny #Cars #Lol #WTF
0;1;I got more apple pie moonshine today y'all and I'm in heaven;;
0;2;#IAmThankfulFor laughter, kindness,loyalty,the smell of babies, UGGs,words,friends, Apple products,chocolate Haagen Daaz,our troops..;;#IAmThankfulFor
1;0;Brasil pide a #Apple que explique por qué le cobra a los brasileños en dólares - FayerWayer http://www. fayerwayer.com/2013/11/brasil -pide-a-apple-que-explique-por-que-le-cobra-a-los-brasilenos-en-dolares/ …;;#Apple
0;0;Китайцы собирают для Apple уже по полмиллиона новых iPhone в день;;
0;0;@njm @kodabb @edave @d_jones Fixing that would require paying Apple $100 and I don't feel like doing that.;@njm @kodabb @edave @d_jones;
0;0;@gemelket makes the best apple pie. Here's proof. http:// instagram.com/p/hRwUZkrR2J/;@gemelket;
0;0;My adjectives for Apple To Apples pic.twitter.com/W3l7MOfR0H;;
0;0;Jolla, Ponsel Anyar Buatan Mantan Karyawan Nokia: Inikah kompetitor Apple dan Samsung yang sebenarnya? http:// bit.ly/1jOYtUD;;
0;0;Apple Patent Reveals Lytro-like Camera Plans http:// weeder.org/rLHW8PY #photography #entertainment #gaming #tech #gadgets;;#photography #entertainment #gaming #tech #gadgets
0;0;At least I got my apple pie!;;
0;0;My thanksgiving dinner was an apple #sick;;#sick
0;4;Made my first pie today from scratch. Honeycrisp apple pie with crumble top! pic.twitter.com/FtlcmjBD9o;;
0;0;Jolla, Ponsel Anyar Buatan Mantan Karyawan Nokia: Inikah kompetitor Apple dan Samsung yang sebenarnya? http:// bit.ly/1jOYtUD;;
0;1;“ @steeezymac : Apple pie ”;@steeezymac;
0;0;Hmmm… Black friday is starting on the apple store… #willbebacksoon;;#willbebacksoon
0;1;@TheStarHound @scopenrique @Talyna75 me too, and apple pie is the best!;@TheStarHound @scopenrique @Talyna75;
0;1;I make a bomb ass apple pie #thanksgiving http:// instagram.com/p/hRwVm6xmYE/;;#thanksgiving
0;0;Desert flow.. Apple pie & vanilla icecream;;
0;0;My apple |iphone6,2 maxed out the 3DMark Ice Storm iOS benchmark test. http:// bit.ly/3dmark-iOS;;
0;0;apple pie with whip cream YAS;;
0;0;My mother acts like I won't eat a whole apple pie by myself;;
0;0;Clinkin the after-dinner Limoncello drinks & watchin Football! Apple & Pumpkin pie when we're all not hurtin! #Thanksgiving2013;;#Thanksgiving2013
0;1;Just when I thought today couldn't get better.. pumpkin spice coffee and warm homemade apple pie.;;
0;0;yay im going to apple bee's;;
0;0;Jolla, Ponsel Anyar Buatan Mantan Karyawan Nokia: Inikah kompetitor Apple dan Samsung yang sebenarnya? http:// bit.ly/1jOYtUD;;
0;0;Enter to #win a gift of Apple Fruit Truffles from Edible Arrangements @edible at @AhhMazingRvws ! #giveaway http:// ahhmazingreviews.com/?p=18209#comme nt-25144 …;@edible @AhhMazingRvws;#win #giveaway #comme
0;0;Skinit Blue Bells and Beech Trees Vinyl Skin for Apple iPhone 5 only $11.99 #iphone #iphonecase ... http:// fb.me/10RJPtEtF;;#iphone #iphonecase
0;2;Why have I never played apples to apple with my entire extended family before #gotthegigs;;#gotthegigs
0;0;Apple Cider Sangria #thanksgivingkuh2013 http:// instagram.com/p/hRwSvPIbjx/;;#thanksgivingkuh2013
1;2;Im so full. Oh wait we have apple pie? I can eat.;;
0;0;Bawse League x FJ x Team Presents: Dec 14th The Official HBCU Big Apple Classic Weekend Kickoff Party,… http:// instagram.com/p/hMvqifTIqb/;;
0;0;You can learn #languages with your mac! Learn how to communicate in #Chinese http:// goo.gl/ioQRlC #apple #mac #education;;#languages #Chinese #apple #mac #education
0;0;My mom made some pretty good apple pie;;
1;1;My grandmas homemade apple pie is unbeatable;;
0;0;This apple pie >>>>;;
0;0;Bon, c'est quand qu'ils rouvrent l' Apple Store ?! #BlackFriday;;#BlackFriday
0;1;Found out the apple crisp was a healthy recipe. Had a third helping with homemade whipped cream and then felt pretty shitty.;;
0;0;This apple salad tastes like heaven;;
0;0;The only store I would go to tomorrow is h&m or the apple store;;
0;0;Organic Raw Almond Butter - is AWESOME with slices of Jazz apple http://www. maranathafoods.com/product/organi c-raw-almond-butter-no-salt-crunchy …;;
2;1;Apple pie;;
0;0;The pop-up book drive shop. Smells like cake and hot apple cider today! Got some to donate? pic.twitter.com/U0FUaecJEl;;
0;0;Apple pie >>> pumpkin pie;;
0;0;@iStoreMx ¿Es cierto que en vez de hacer descuentos, Apple va a regalar tarjetas para comprarles otro producto mañana en el Black Friday? D:;@iStoreMx;
0;0;Dirty Secrets Apple Doesn�t Want You To Know. SMH. http:// bit.ly/HrPSux;;
0;0;@_bitch_idgaf_ @alexisvictoriia @simply_quitaaa Lol .... Slide sum of that apple pie too lol;@_bitch_idgaf_ @alexisvictoriia @simply_quitaaa;
0;2;Mash potatoes and apple pie will forever be the best thanksgiving food. End of story. pic.twitter.com/kQkIHxugna;;
0;0;Jolla, Ponsel Anyar Buatan Mantan Karyawan Nokia: Inikah kompetitor Apple dan Samsung yang sebenarnya? http:// bit.ly/1jOYtUD;;
0;2;@SparkelyRainbow @Adams_ apple _ haha yeah Alex is hella cool;@SparkelyRainbow @Adams_;
0;0;Don't EVER use red apples for apple pie GREEN APPLES ONLY MY NIGGA;;
0;0;#apple and #pear #tart with #marscarpone and #honey #homemade http:// instagram.com/p/hRuxGej8u1/;;#apple #pear #tart #marscarpone #honey #homemade
0;0;Jolla, Ponsel Anyar Buatan Mantan Karyawan Nokia: Inikah kompetitor Apple dan Samsung yang sebenarnya? http:// bit.ly/1jOYtUD;;
0;0;Rivendere iPad e iPhone, come ottenere il massimo dall'usato Apple http:// dlvr.it/4Ptk9V;;
0;0;В США только четвертая часть всех iPhone продается через Apple Store;;
0;1;Ooooooh apple pie I just lahv you sooo much;;
0;2;If you don't like apple pie, you are an idiot. Not gunna name any names... *cough* *cough* @FitzOut4TheBoys;@FitzOut4TheBoys;
0;2;Made my first homemade apple pie and it was delicious;;
0;0;2013 Black Friday Apple iPad with Retina Display ME199LL/A (32GB, Wi-Fi + Sprint, White) 4th Generation http:// wp.me/p3Xtgu-zB;;
0;0;Jolla, Ponsel Anyar Buatan Mantan Karyawan Nokia: Inikah kompetitor Apple dan Samsung yang sebenarnya? http:// bit.ly/1jOYtUD;;
0;0;Новая глава ритейла Apple Анджела Арендс исповедует собственную философ;;
0;0;Haha tried being creative & the pumpkin looks like an apple . Oh well I tried #thanksgiving #pumpkinpie http:// instagram.com/p/hRwFC_TXPK/;;#thanksgiving #pumpkinpie
0;1;" @marissazic95 : “@blythe_haney16: drunk off that sparkling pomegranate- apple juice.” Get it Blythe!" you know me, girl!;@marissazic95 @blythe_haney16;
0;0;Judge dismisses Apple iOS privacy lawsuit - http:// feedas.com/judge-dismisse s-apple-ios-privacy-lawsuit/ … pic.twitter.com/WjGdKktBCS;;
0;14;Thanksgiving food battle #2 Fav for apple pie Retweet for pumpkin;;#2
0;0;Jolla, Ponsel Anyar Buatan Mantan Karyawan Nokia: Inikah kompetitor Apple dan Samsung yang sebenarnya? http:// bit.ly/1jOYtUD;;
0;0;Ahhhhhh. RT @edmoore : @JasonArnopp presumably they don’t want to give 30% to Apple , seeing as their margins are famously razor thin already;@edmoore @JasonArnopp;
0;0;di negara bagian yang merayakan thanksgiving hari ini sedang pesta apple pie, iya apple pie~;;
0;1;apple pie takes me home;;
0;0;Excellent Miami Heat LeBron James #6 Action Shot VINYL skin for Apple iPhone 4 4S http:// bit.ly/1cdvBWs;;#6
0;0;Riscaldiamoci #fuoco #caminetto #compagnia #macbookpro #love #swag #fire #fear #caldo #mac #apple #pc … http:// instagram.com/p/hJc11Mp9_z/;;#fuoco #caminetto #compagnia #macbookpro #love #swag #fire #fear #caldo #mac #apple #pc
0;3;Getting harassed for eating so much apple pie. I'm sorry I thought this was America. Is this America? I thought this was America;;
0;0;Jolla, Ponsel Anyar Buatan Mantan Karyawan Nokia: Inikah kompetitor Apple dan Samsung yang sebenarnya? http:// bit.ly/1jOYtUD;;
0;0;@JBLDub I'm so sad lol at least my apple pie is safe;@JBLDub;
0;0;Jolla, Ponsel Anyar Buatan Mantan Karyawan Nokia: Inikah kompetitor Apple dan Samsung yang sebenarnya? http:// bit.ly/1jOYtUD;;
0;0;Mmm #Thanksgiving #apple #pie with #icecream !! #yummy #foodporn http:// instagram.com/p/hRwKhWyr50/;;#Thanksgiving #apple #pie #icecream #yummy #foodporn
0;2;@jstabila @scopenrique @Talyna75 Our apple pie is in the oven now. I love dessert! ;-);@jstabila @scopenrique @Talyna75;
0;0;You're the apple in my eye;;
0;6;Being allergic to apples doesn't stop me from eating apple pie;;
0;0;@cuddlynarry i only like apple oops;@cuddlynarry;
0;0;@Urdirtysecret @JakeSnakeDDT There are no worms in Apple products. They work better than anything Microsoft made & better than Android.;@Urdirtysecret @JakeSnakeDDT;
0;0;Jolla, Ponsel Anyar Buatan Mantan Karyawan Nokia: Inikah kompetitor Apple dan Samsung yang sebenarnya? http:// bit.ly/1jOYtUD;;
1;2;I wonder if @JColeNC got a piece of that Apple Pie today?;@JColeNC;
0;0;#Chinese for beginners and advanced students. http:// goo.gl/RPtsW8 Learn on your #Mac #apple #education #backtoschool;;#Chinese #Mac #apple #education #backtoschool
0;0;“ @mari_fariaa : ahhh I luv apple pie!!”;@mari_fariaa;
0;0;Jolla, Ponsel Anyar Buatan Mantan Karyawan Nokia: Inikah kompetitor Apple dan Samsung yang sebenarnya? http:// bit.ly/1jOYtUD #rissNews;;#rissNews
0;0;Successfully cooked turkey, homemade stuffing, squash, potatoes, green bean cass. ,veggies & apple crisp- only have one second degree burn;;
0;0;@MrsPeen are you drinking all the apple juice;@MrsPeen;
0;0;Hot apple cider. #fave http:// instagram.com/p/hRwFl8zNaE/;;#fave
0;0;“ @YaDaddyV : YALL KNOW I LOVE APPLE PIE” YAAAASSSSS;@YaDaddyV;
0;1;Nothing like apple pie moonshine and harry potter;;
0;0;Apple Konfirmasi Pembelian PrimeSense - Teknowire http:// bit.ly/1bsJYGE;;
0;0;Apple Naikan Produksi iPhone 5S, 500.000 Sehari http:// bit.ly/1bsJYqq;;
0;0;Baked mac n cheese, dressing, rolls, cornish hens, corn, green beans, egg custard pie, and a deep dish apple pie!!!!! #HappyThanksgiving;;#HappyThanksgiving
0;1;// Cheesecake with cherries, key lime pie, apple pie, pecan pie, pumpkin pie... *NOMS*;;
0;0;@noeuI @naeoppa Apple alguma coisa da Hyuna 8D acertei?;@noeuI @naeoppa;
0;0;Infinitamente #bella #tastiera #retroilluminata #macbookproretina #keyboard #illuminata #apple #mac … http:// instagram.com/p/g_gmRtp93k/;;#bella #tastiera #retroilluminata #macbookproretina #keyboard #illuminata #apple #mac
1;1;Apple pie is life.;;
0;2;So good (especially with apple pie): Australian Late Harvest #Sémillon 2006. http:// instagram.com/p/hRwKgKOv_b/;;#S
0;0;Apple Pie with Vanilla ice cream >>>;;
0;2;Protein shakes you need to try - German Chocolate Cake and Hawaiian Apple http:// bit.ly/1bcbgkh #nutrition #protein;;#nutrition #protein
0;0;Deluxe Case Stand Cover w/Chrome for Apple iPhone 4/4S – Black http:// dlvr.it/4Ptjsq;;
0;0;5x 10ft White Lighting Iphone 5 Extra Long Lightning USB Sync Cable Cord Charger for Apple Iphone 5, Ipod Nano 7,... http:// dlvr.it/4PtjsB;;
0;0;apple pie the GOAT ur opinion is irrelevant;;
0;1;I wish I liked apple pie;;
0;0;@LinksShield112 oh I did like 5 pieces of Apple;@LinksShield112;
0;0;Apple Ups Retina iPad Mini Orders to 4 Million – Cook's “iPad Christmas” Kicks Off - Highlight Press http:// dlvr.it/4Ptjhs;;
0;1;@TheWarriorFit Apple pie moonshine? Tis the season;@TheWarriorFit;
2;4;apple pie should be the only choice of pie;;
0;0;أفضل العروض على منتجات #آبل في بلاك فرايدي Black Friday 2013: The Best Deals on Apple Products http:// iClarified.com/36210;;#
0;0;@webkinzarry I PUT APPLE SAUCE ON MY MASHED POTATOES;@webkinzarry;
1;0;Apple pie w/out ice cream is a predicament;;
0;0;@RlxDemetria o pessoal lá na escola fala q a porta da minha casa é assim já q eu amo tanto a apple kkkkkkkk me dá!!!;@RlxDemetria;
0;0;I liked a @YouTube video from @techexamined http:// youtu.be/UXOByFMyu10?a Apple iPhone 4 Color Conversion;@YouTube @techexamined;
0;0;@micafiorilo mica el sabado hay un evento Jack Daniel´s en Apple y estas invitada, pedime free y vips 1158275795 - 2665906A;@micafiorilo;
0;3;this apple cider got me so turnt up!!! 5% alcohol 95% turnt up!!! pic.twitter.com/HtVOzZm0A6;;
0;0;iFailed: Dropbox CEO: Apple Steve Jobs wanted to 'kill' the service... - "I kind of couldn’t believe it when... http:// tmblr.co/ZcU4It-jbGAp;;
0;0;So disappoint on Apple Black Friday shopping event, WTF gift card?;;
0;0;Jolla, Ponsel Anyar Buatan Mantan Karyawan Nokia: Inikah kompetitor Apple dan Samsung yang sebenarnya? http:// bit.ly/1jOYtUD;;
0;1;FIRST FINANCIAL INSIGHTS: INVESTORS' INSIGHTS - #Apple , #Facebook , #Buffet ... http:// firstfinancialinsights.blogspot.com/2013/08/invest ors-insights-apple-facebook.html?spref=tw … #investing #NEWS #oil #climate #FF;;#Apple #Facebook #Buffet #investing #NEWS #oil #climate #FF
0;0;Pecan, Pumpkin, Apple Crisp and Chocolate Mousse Cheesecake Pies. Yum-o! http:// instagram.com/p/hRwC8rBo9M/;;
0;0;still the best pumpkin and apple pies I've ever had. #TeamPie > #TeamCake pic.twitter.com/WRiX2kO7Z1;;#TeamPie #TeamCake
1;4;You know I bring the sparkling apple cider to the party.;;
0;0;@hanna_ghamari Apple cider or white wine?;@hanna_ghamari;
0;0;Apple pie >>;;
0;0;I want apple pie already.;;
0;0;Set to be complete by 2016, Apple 's new 2.8 million sq. foot campus looks to be... http:// j.mp/Iolz8N #Apple;;#Apple
0;0;Sad day, wait in line 1.5hrs to get lemon pie instead of apple ?!? #piemixup #littleredhens #atleastthereispumpkin pic.twitter.com/WnUvKTAamA;;#piemixup #littleredhens #atleastthereispumpkin
0;0;Visual Land - Prestige Pro 7d 7 Inch Tablet With 8gb Memory - Black - #gifts #gadgets #tech #deals #apple ... http:// tinyurl.com/lp8ebar;;#gifts #gadgets #tech #deals #apple
0;0;#HandiNovian Jolla, Ponsel Anyar Buatan Mantan Karyawan Nokia: Inikah kompetitor Apple dan Samsun... http:// bit.ly/1jOYtUD #HandiNovian;;#HandiNovian #HandiNovian
0;0;Self-Cleaning Shaver - #gifts #gadgets #tech #deals #apple #ipad #blackfriday #love #coupon #sport #football ... http:// tinyurl.com/lsmk4un;;#gifts #gadgets #tech #deals #apple #ipad #blackfriday #love #coupon #sport #football
0;0;★家電・カメラのヒット商品★ Apple Lightning Digital AVアダプタ MD826ZM/A アップル 771,673% 家電・カメラの売上ランキング: 72 (は昨日555,677 でした。) (91)... http:// amzn.to/ImoDlN;;
0;0;Royal Blue #Alligator and #Zebra #iPad #Speck #Case : http:// bit.ly/fzqwiO See 8 color choices: http:// bit.ly/hmzZeX #Apple;;#Alligator #Zebra #iPad #Speck #Case #Apple
0;0;Matsunichi - Marquis 9.7 Inch Tablet With 4gb Memory - Black - #gifts #gadgets #tech #deals #apple #ipad ... http:// tinyurl.com/krcs2tu;;#gifts #gadgets #tech #deals #apple #ipad
0;0;Jus bust down sum apple cobbler, had red velvet kake, and a full plate....bout to roll up and bak at i… http:// instagram.com/p/hRwGjiuAx2/;;
0;0;Jolla, Ponsel Anyar Buatan Mantan Karyawan Nokia: Inikah kompetitor Apple dan Samsung yang sebenarnya? http:// bit.ly/1jOYtUD;;
0;0;Apple cider up in this bitch pic.twitter.com/k3Swb2fxPk;;
0;0;Jolla, Ponsel Anyar Buatan Mantan Karyawan Nokia: Inikah kompetitor Apple dan Samsung yang sebenarnya? http:// bit.ly/1jOYtUD;;
0;0;On top of all the bullshit today, my mom got apple pie instead of pumpkin. What the fuck. Why can't I be happy;;
0;0;Apple pie has my heart;;
0;1;All I want to do today is to stay in my pjs and watch movies with a slice of apple pie right beside me. Lol;;
0;0;Homemade apple pie by yours truly pic.twitter.com/n9TobBVlVK;;
0;0;3pcs Clear transparent Screen protector Film Guard for Apple iPad air 5th Gen $6.45 http:// bit.ly/1gmWln5 #lenovo #Tablet;;#lenovo #Tablet
0;0;Blueberry is mine. RT: @heidimontag : Glad apple pie is my favorite! http://www. whosay.com/l/EOo7jKI;@heidimontag;
0;0;I just entered to #win & you can too: " Apple iPad Mini". Enter the #giveaway here: http:// is.gd/JEzGkG;;#win #giveaway
0;0;Jolla, Ponsel Anyar Buatan Mantan Karyawan Nokia: Inikah kompetitor Apple dan Samsung yang sebenarnya? http:// bit.ly/1jOYtUD;;
0;0;Got it! #ipadmini #apple #blackfriday #walmart #crazy http:// instagram.com/p/hRwFa4F5c5/;;#ipadmini #apple #blackfriday #walmart #crazy
2;0;Why my grandmother just put apple sider in her pumpkin ice cream;;
0;0;Since the beginning, Apple has continued to evolve and amaze us all! #10 is an Apple throwback! http:// dld.bz/cQH5a;;#10
3;3;RT for pumpkin pie. Fav for Apple pie.;;
0;0;@Dracorath I like pudding pie and holiday pie but like not pumpkin or apple;@Dracorath;
0;0;TCP has a system that lets you control your home lights with an Apple;;
0;0;MyFourWalls is a great Mac app for home interior design and planning http:// weeder.org/rLHXaim #apple #tech;;#apple #tech
1;0;Apple pie;;
0;0;I just entered to #win & you can too: ".5-inch: 2.7GHz Apple iMac ($1299 Value)". Enter the #giveaway here: http:// is.gd/dXKQSh;;#win #giveaway
0;0;“@blythe_haney16: drunk off that sparkling pomegranate- apple juice.” Get it Blythe!;@blythe_haney16;
0;0;Toms home made apple pie @Whiteis House http:// instagram.com/p/hRwGJhF3hs/;@Whiteis;
0;0;Aw yeah bio psych prof is an Apple user bc spatial coding.;;
0;0;#Apple ditches product discounts in favor of #GiftCards for #BlackFriday http:// ow.ly/28c7DW;;#Apple #GiftCards #BlackFriday
0;0;Jolla, Ponsel Anyar Buatan Mantan Karyawan Nokia: Inikah kompetitor Apple dan Samsung yang sebenarnya? http:// bit.ly/1jOYtUD;;
0;0;yeah I pick the apples out of my apple pie and just eat the crust so sue me;;
0;0;Jolla, Ponsel Anyar Buatan Mantan Karyawan Nokia: Inikah kompetitor Apple dan Samsung yang sebenarnya? http:// bit.ly/1jOYzM2;;
0;0;#Apple ditches product discounts in favor of #GiftCards for #BlackFriday http:// ow.ly/28c7DW;;#Apple #GiftCards #BlackFriday
0;1;Don't you all wish your grandma didn't know how to cook so she would buy you elegant farmers apple pie;;
0;0;“@AnthonyJay_3: @alyssabaaaaaaby sometimes nothing but an apple or a piece of fruit lol ”omg;@AnthonyJay_3 @alyssabaaaaaaby;
0;0;Fresh warm Apple & Cranberry Crisp over homemade pound cake @Orlando, FL http:// instagram.com/p/hRv58QiF-J/;@Orlando;
0;0;Them apple bottoms right dere;;
0;0;I can't breathe, but I need to eat this apple pie;;
0;0;@PrioreSan sandra el sabado hay un evento Jack Daniel´s en Apple y estas invitada, pedime free y vips 1158275795 - 2665906A;@PrioreSan;
0;0;Jolla, Ponsel Anyar Buatan Mantan Karyawan Nokia: Inikah kompetitor Apple dan Samsung yang sebenarnya? http:// bit.ly/1jOYtUD;;
0;0;Espresso roasted Pork Loin with Roasted Root Veggies and Apple Cider with Heineken Gravy.. #Foodies … http:// instagram.com/p/hRv3E5NEfK/;;#Foodies
0;0;Wow! I just won this for free, Wide Sky - A Game about Hedgehogs and Ropes Apple iTunes App http://www. listia.com/ruabdd/212209 #listia;;#listia
0;0;Jolla, Ponsel Anyar Buatan Mantan Karyawan Nokia: Inikah kompetitor Apple dan Samsung yang sebenarnya? http:// bit.ly/1jOYtUD;;
0;1;Apple pie with ice cream for dessert! Yes!! :D http:// instagram.com/p/hRwH7Hylp4/;;
0;0;-vivanews- Jolla, Ponsel Anyar Buatan Mantan Karyawan Nokia: Inikah kompetitor Apple dan Samsung yang sebenarnya? http:// bit.ly/1jOYtUD -;;
0;0;“ @Evil_Kanavel : Hot apple pie with vanilla Icecream got me ” omg my fav;@Evil_Kanavel;
0;0;@newschambers Haven't looked at that at all yet, but waiting for Apple to kick it off too.;@newschambers;
0;0;Apple がW WDC でパンデミックして遊ぶ。 iBeacon みんなが思ってるのに、クラブサンドにカニが入ってない wwww 入り口になりそうである。近所の松屋が、自動ドアに鈴つけて自力でドアベル実装してる。 http:// rekkacopy.com;;
0;0;Jolla, Ponsel Anyar Buatan Mantan Karyawan Nokia: Inikah kompetitor Apple dan Samsung yang sebenarnya? http:// bit.ly/1jOYtUD;;
0;0;Uffa ma quando torna online l' apple store? :( non avevano detto da mezzanotte?;;
0;0;@miracleofsound @OnyxOblivion Yuuuuup. It's like Apple products again, but worse. Far worse.;@miracleofsound @OnyxOblivion;
0;0;I see now why Google has the advantage on Apple in the Maps area, because they listen. #ApplevsGoogle;;#ApplevsGoogle
2;0;Thanksgiving recipe: apple pie in a paper bag http:// marmitelover.blogspot.co.uk/2013/11/thanks giving-recipe-apple-pie-in-paper.html …;;
0;0;@JenKirkman with this, I suspect we've got an apple & trees scenario on our hands, maybe ;);@JenKirkman;
0;0;Jolla, Ponsel Anyar Buatan Mantan Karyawan Nokia: Inikah kompetitor Apple dan Samsung yang sebenarnya? http:// bit.ly/1jOYtUD;;
0;0;@xKateMorningx German chocolate or champagne cake which are Moms faves *smiles at her* and then pumpkin, pecan, cream cheese, apple , or +;@xKateMorningx;
0;0;@krs_ apple 今日はいい肉の日！;@krs_;
0;0;Apple cinnamon turkey, fried zucchini, mashed potatoes, and cranberry sauce! :) so yummms! #food … http:// instagram.com/p/hRwCVoEyE0/;;#food
0;0;Ainda não estou acreditando que meu pai quebrou meu carregador original da apple ,puta que pariu,to com uma raiva tão grande disso;;
0;0;Apple Green & White Jade Carved Gold Fish Pendant NATURAL GRADE A $158.00;;
0;0;Jolla, Ponsel Anyar Buatan Mantan Karyawan Nokia: Inikah kompetitor Apple dan Samsung yang sebenarnya? http:// bit.ly/1jOYtUD;;
0;1;@AnnaschocH419 three pumpkin, two apple , one pumpkin mousse, and a sweet potato I'm just;@AnnaschocH419;
0;0;Apple 's Black Friday special: Gift cards? http:// rss.cnn.com/~r/rss/cnn_top stories/~3/JBn6qMUPAgg/index.html …;;
0;1;Apple Inc. (AAPL) iPhone 5S Production Shows Impressive Numbers - ValueWalk http:// bit.ly/1hlHtIH;;
0;0;0:50 #APPLE GEEFT MAAR 1 JAAR FABRIEKSGARANTIE! MOET NA 17 MAANDEN 290EUR BETALEN VOOR #IPAD REPARATIE! NIET KOPEN! #FAIL @APPSTOREAMS;@APPSTOREAMS;#APPLE #IPAD #FAIL
0;0;Homemade apple pie time! http:// instagram.com/p/hRwGL4ozKK/;;
0;0;*mixes gatorade and apple juice* *takes a deep breath* go hard or go home *downs it* *TURNS UP*;;
0;0;Dad made this apple pie in the spirit of The Game. pic.twitter.com/Slj3yurR58;;
0;1;Homemade hot apple cider>>>;;
0;1;My mom buys hella bottles of Apple cider and just hands them out to people that are working today.;;
0;0;iPhone, now iWatch? Apple testing wrist gizmo, sources say http:// bit.ly/YRU36j;;
0;0;iPhone 4 Branco 8GB - Apple desconto de R$ 600,00R$ 1.699,00R$ 1.099,00;;
0;0;First #spaceship finished for the #game ! #adobe #illustrator #vector #apple #macbookpro #wacom #flash http:// instagram.com/p/hRv4mcpeU0/;;#spaceship #game #adobe #illustrator #vector #apple #macbookpro #wacom #flash
0;1;Two stocks to watch on Friday - #Apple & #Tesla look interesting- $ TSLA $ AAPL $ XLK $ QQQ $ SPY - http:// stks.co/iymr;;#Apple #Tesla
0;0;Tomorrow is Black Friday Boot Camp! Work off that sweet apple pie! Bring a friend or family member for FREE. http:// fb.me/1VzjMQvqw;;
0;0;That warm apple pie did me in. #HappyThanksgiving @JasonBiggs;@JasonBiggs;#HappyThanksgiving
0;0;bringing bliss to the big apple Feb 2nd #excited @HouseOfJai http:// ow.ly/rh16b;@HouseOfJai;#excited
0;0;Hai 2 chains what type of pie do ya want apple or pecan;;
0;2;@MolMcgovern @fabiana_dibiase fabiana you're the only loser that doesn't like apple pie. You're not American!!;@MolMcgovern @fabiana_dibiase;
0;0;Thankful for this vanilla ice cream and apple pie!!!!!;;
0;0;Jolla, Ponsel Anyar Buatan Mantan Karyawan Nokia: Inikah kompetitor Apple dan Samsung yang sebenarnya? http:// bit.ly/1iYfYUJ;;
0;0;@Mariobatali I think my stuff might be > than yours today! ;> Sausage, sage, apple , cornbread stuffing. Pics later when it's finished baking;@Mariobatali;
0;0;Thank god apple invented " recover your work ". IT;;
0;0;DisplayMate #tablet shootout puts Retina #iPad Mini in last place, with ‘out-dated technology’ #Tech #Gadget #Apple http:// ow.ly/rgH5T;;#tablet #iPad #Tech #Gadget #Apple
0;0;Too many dessert choices: Pumpkin, Apple , Blueberry, Mince meat. pic.twitter.com/2rwbcsL9qI;;
0;0;dinner was good but the apple pie was amazing;;
0;0;Jolla, Ponsel Anyar Buatan Mantan Karyawan Nokia: Inikah kompetitor Apple dan Samsung yang sebenarnya? http:// bit.ly/1jOYtUD;;
0;2;been about 3 hours since the real food. time to go in on apple pie.;;
0;0;Warm apple pie with ice cream ugh;;
0;0;Pumpkin Soup with Green Apple and Bacon. Thank You Thanksgiving. http:// instagram.com/p/hRv-Y2qQ70/;;
0;0;Apple pie really stimulating my insides;;
0;0;@holinka hmm no one uses apple sauce as alternative to cranberry? odd.. must be some sort of Canadian thing.;@holinka;
0;0;Hey! You should check out this Apple iPad Mini 16GB giveaway by @TeknoGadyet .. What are you waiting for? JOIN NOW!!! http://www. teknogadyet.com/2013/10/teknog adyet-christmas-giveaway-apple-ipad-mini-16gb-wifi.html?spref=tw …;@TeknoGadyet;
0;0;The apple pie tried to take me down. I almost sliced a piece of my thumb off when cutting the… http:// instagram.com/p/hRv8H4jyR_/;;
0;0;DisplayMate #tablet shootout puts Retina #iPad Mini in last place, with ‘out-dated technology’ #Tech #Gadget #Apple http:// ow.ly/rgH5S;;#tablet #iPad #Tech #Gadget #Apple
0;2;So all I had for thanksgiving was apple cider and a piece of chocolate cake...good;;
0;0;Cant wait #apple to buy my #iPad esperando el viernes negro para comprar mi #iPad . http:// instagram.com/p/hRwBD6oO4_/;;#apple #iPad #iPad
0;1;Apple juice just looks like piss if it's not in an apple juice bottle.;;
1;6;My dad just said, "if your mom was a fruit she would be a fine apple ";;
0;1;when you're in the Apple Store and porn comes on your dash #oops;;#oops
0;0;"I woke up at 3 in the morning in an apple orchard. naked. in Lehman. thank god it was a girl in the backseat";;
0;6;Grandma: Christian what are you drinking? Me: uhhh foamy apple juice;;
0;0;Time Warner Cable, Apple v. Samsung, and Xbox One: 90 Seconds on The Verge http:// bit.ly/1ennO7o #TimeWarner #XboxOne;;#TimeWarner #XboxOne
0;0;Apple Pie in progress @Virginia-Highland Neighborhood http:// instagram.com/p/hRwD_kAc1Z/;@Virginia;
0;0;So who's excited for the apple cup tomorroe;;
0;0;Apple pie and football pic.twitter.com/GddkyeO8dQ;;
0;0;Jolla, Ponsel Anyar Buatan Mantan Karyawan Nokia: Inikah kompetitor Apple dan Samsung yang sebenarnya? http:// bit.ly/1jOYtUD;;
0;0;Black Friday sales: Today's the best day to get deals on tech from Kogan, Apple , and more! http:// bit.ly/IueT9z;;
0;0;E logicamente, vcs sabem que a Apple irá lançar uma coisa nova e revolucionária pq se eu comprar, quer dizer exatamente isso.;;
0;0;Fiona Apple - " Criminal " (VIDEO): http:// wp.me/p3hjeM-1Qn;;
0;0;Making pretend " apple soup" with Zay;;
0;0;Now for desert APPLE PIE YUM!!! http:// instagram.com/p/hRwABmAoM3/;;
0;1;Brb stuffing my face with apple pie;;
0;0;Waterproof Shockproof Dirt Proof Durable Case For Apple iPhone 4 4S $7.51 http:// bit.ly/17Z3ub2 #cellphones;;#cellphones
0;0;Apple Pie!!! Yum pic.twitter.com/L0orjyXmfZ;;
0;0;PU Leather Rotating Stand Case Cover for Kindle Fire HD 7" Wake up /Sleep Yellow $7.98 http:// bit.ly/1gmWbw6 #tablet #apple;;#tablet #apple
0;0;Ham,turkey wings,yams,dressing,macaroni n chesse,greens,cabbage, apple pie and banana pudding;;
0;0;Jolla, Ponsel Anyar Buatan Mantan Karyawan Nokia: Inikah kompetitor Apple dan Samsung yang sebenarnya? http:// tinyurl.com/ky2j4y5;;
0;1;@seth1389 my family mostly eats pumpkin pie. I will eat half the apple pie by myself;@seth1389;
0;0;Edited: 'iPhone 6' With 3D Vision? A Bigger iPad? This Week In Apple Rumors - Huffington Post http:// bit.ly/1b4GFiR;;
0;0;Inikah kompetitor Apple dan Samsung yang sebenarnya? http:// bit.ly/1jOYtUD;;
0;0;yo apple need to fwm cause im the reincarnation of steve jobs in this bitch;;
0;0;Er duiken steeds meer berichten op over het slechte scherm van de nieuwe ipad mini retina. #apple http://www. cultofandroid.com/45984/retina-i pad-mini-comes-distant-third-in-display-shootout-against-nexus-7-kindle-fire-hdx/ …;;#apple
0;0;Well now I finally start learning Chinese...more than 4000 words http:// goo.gl/ioQRlC #apple #education #learning #osx #edtech;;#apple #education #learning #osx #edtech
0;0;Apple патентует новые средства управления мобильными устройствами;;
0;1;" #Apple aseguró a los Beatles que nunca entrarían en el mercado musical". http:// bit.ly/18qGAfh;;#Apple
0;0;#TEAMFOLLOWBACK Jolla, Ponsel Anyar Buatan Mantan Karyawan Nokia: Inikah kompetitor Apple dan Samsun... http:// bit.ly/1jOYtUD #FOLLOWME;;#TEAMFOLLOWBACK #FOLLOWME
2;0;Apple pie so good me wanna smack my momma;;
0;0;Green bean salad with apple cider vinaigrette, feta and dried cranberries http:// instagram.com/p/hRwBHBPlqS/;;
0;0;@Caaddi voy a apple venjs ?;@Caaddi;
0;0;Max: Jacob you have 2 balls on your throat Jacob: yeah it's called an Adams Apple;;
0;0;В США только четвертая часть всех iPhone продается через Apple Store;;
0;0;Jolla, Ponsel Anyar Buatan Mantan Karyawan Nokia: Inikah kompetitor Apple dan Samsung yang sebenarnya? http:// bit.ly/1jOYtUD;;
1;2;Guys, it's official... I'm about to jump off the Apple bandwagon. I'm done with their customer service and apple care.;;
0;0;Turkey: $50+ Apple pie: ~$25 Having an allergic reaction to my thanksgiving dinner? Priceless.;;
0;0;@Apple _Tea_Xlk アボカドー;@Apple;
0;0;This homemade apple pie & vanilla ice cream is love tho!;;
0;0;#Apple : Sonderangebote bei Apple , RWE, Amazon… Black-Friday-Aktionen im Überblick http:// bit.ly/Ioln9r #News;;#Apple #News
0;0;Brasil pide a Apple que muestre el precio de productos de iTunes en reales http:// dlvr.it/4Ptj4R;;
0;2;//We have apple pie. Mwahahaha *the EvilRegal in me explodes*;;
0;0;I liked a @YouTube video http:// youtu.be/pFX4uThc5p0?a FusionProjectHD - Exercise Edit #6 " Apple of my eye";@YouTube;#6
0;0;#Win an Apple iPad Air #sweepstakes #contest #giveaway http:// woobox.com/eriebu/4vl0xe;;#Win #sweepstakes #contest #giveaway
0;0;Carrot cake & Apple Pie From Greg's;;
0;0;Jolla, Ponsel Anyar Buatan Mantan Karyawan Nokia: Inikah kompetitor Apple dan Samsung yang sebenarnya? http:// bit.ly/1jOYtUD;;
0;1;#Apple Shares Worth Almost 50% Less Than #Bitcoin Valued At $1,000 - http:// au.ibtimes.com/articles/52592 4/20131128/apple-inc-shares-bitcoin-stocks.htm#.UpfWPmCqe-A.twitter … #AAPL #tech;;#Apple #Bitcoin # #AAPL #tech
0;0;Apple iPad mini 64GB, Wi-Fi, 7.9in - Black & Slate $500.00 http:// bit.ly/17Z3qrR #tablet #PC;;#tablet #PC
0;0;@cassbaabyy tell momma dukes save me some Apple pie! I'm sliding later lol;@cassbaabyy;
0;1;when everyone at the table thought the apple cider was gravy and started pouring it on our food... #bayerproblems #thanksgivingwiththebayers;;#bayerproblems #thanksgivingwiththebayers
2;5;Bruh where tf is the apple pie;;
0;1;Apple Inc. (AAPL) iPhone 5S Production Shows Impressive Numbers - ValueWalk http:// wp.me/p2ed5h-mQs;;
0;0;@WayneF87 is for apple Oooo I like this game lol;@WayneF87;
0;1;My Thanksgiving desert consists of Homemade apple pie, ice cream, Cannoli cake, Oreo cake, Homemade pumpkin pie , Apple pie al la mode;;
0;0;@richatkinson_ Inevitable. Was only a matter of time...once you've gone black or, apple in this case, you know the rest..;@richatkinson_;
0;0;My Ex Used To Call Me Apple Drop Cos I'm 'Fruity' Like What Exactly Does That Mean =/;;
0;0;Totally jacked up about @nicksearles apple pie. #boom #onthefloor #woof @brianbowsher;@nicksearles @brianbowsher;#boom #onthefloor #woof
1;1;@luiza_brandt sim amanhã vou de jatinho na loja da apple e te compro;@luiza_brandt;
0;0;Jolla, Ponsel Anyar Buatan Mantan Karyawan Nokia: Inikah kompetitor Apple dan Samsung yang sebenarnya? http:// bit.ly/1jOYtUD;;
0;0;Por que mieeerda tarda tanto la pagina de apple en cargarsee?;;
0;0;#Spanish for beginners and advanced students. http:// goo.gl/fkT5tg Learn on your #Mac #apple #education #backtoschool;;#Spanish #Mac #apple #education #backtoschool
0;0;Auntie Karens apple crisp>>>> #prime #clutch;;#prime #clutch
0;0;Hey are you good with time-estimation? Test it on your iPhone http:// goo.gl/q1gVAq #game #ios #retweet #app #apple #time;;#game #ios #retweet #app #apple #time
0;0;Mi #iTunes obsesivamente organizado .- #Apple #OCD #Deadmau5 #DaftPunk http:// instagram.com/p/hRv3ucMHx3/;;#iTunes #Apple #OCD #Deadmau5 #DaftPunk
0;0;Photo: #apple #cranberries #pie from @netasheli #thanksgiving #food (at Cranford, NJ) http:// tmblr.co/ZTy0ay-jajzf;@netasheli;#apple #cranberries #pie #thanksgiving #food
0;0;“ @Kspenc_12 : This apple pie got me feelin some type of way.”;@Kspenc_12;
1;1;@imagingbeauty 's apple cupcakes >>;@imagingbeauty;
0;0;【AFP画面保護フィルム】 apple iPad mini 　4つの機能が1枚のフィルムに集約 AFP-IPAM02 アスデック 取り扱い開始日: 2013/11/6 http:// amzn.to/1dabNFk #Amazon;;#Amazon
0;2;This apple pie right now;;
0;0;#German for beginners and advanced students. http:// goo.gl/8thw6V Learn on your #Mac #apple #education #backtoschool;;#German #Mac #apple #education #backtoschool
0;1;Why is this grape the size of an apple pic.twitter.com/sU9ONl4Rs0;;
0;1;" @TheUrbanDiction : "Macturbate": To pleasure oneself through the use of an Apple product. @amyeasdon your life in a nutshell;@TheUrbanDiction @amyeasdon;
0;0;não vejo a hora da apple mandar um e-mail falando pra eu ir buscar meu filho !;;
0;0;@luhcifer @namuhs @karolline__ @Barbsmeade achei tendência *esperando por led apple *;@luhcifer @namuhs @karolline__ @Barbsmeade;
0;0;【AFP画面保護フィルム】 apple iPad mini 　4つの機能が1枚のフィルムに集約 AFP-IPAM02 アスデック 取り扱い開始日: 2013/11/6 http:// amzn.to/1dabNFk #Amazon;;#Amazon
0;0;Meu dia só vai melhorar a hr que meu pai confirmar a compra na apple store;;
0;0;【AFP画面保護フィルム】 apple iPad mini 　4つの機能が1枚のフィルムに集約 AFP-IPAM02 アスデック 取り扱い開始日: 2013/11/6 http:// amzn.to/1dabNFk #Amazon;;#Amazon
0;0;@Lindaiandhika coba bawa apple store terdekat..:minta di betulkan...jangan panik yaa sis...;@Lindaiandhika;
0;1;WHAT DO YOU MEAN THERES NO APPLE PIE?!;;
0;1;This apple cider moonshine has me feelin' some typa waaayy!;;
0;0;【AFP画面保護フィルム】 apple iPad mini 　4つの機能が1枚のフィルムに集約 AFP-IPAM02 アスデック 取り扱い開始日: 2013/11/6 http:// amzn.to/1dabNFk #Amazon;;#Amazon
0;0;家電・カメラのヒット商品です♪⇒ １位： Apple Lightning Digital AVアダプタ MD826ZM/A http:// amzn.to/ImlOks #家電 #カメラ;;# #
0;1;Too turnt....on apple cider duh. pic.twitter.com/WMF7HTMM5U;;
0;0;Black Friday 2013: The Best Deals on Apple Products http:// ift.tt/1evbL7J #Apple #iPhone #iPad #iTunes #iOS;;#Apple #iPhone #iPad #iTunes #iOS
0;0;Scrubbed for the day. Back to my apple pie.;;
0;0;Apple World #apple http:// fb.me/NHI8mZOt;;#apple
0;0;@_sixel haha ill have a phone by 6am as soon as apple opens in the morning;@_sixel;
0;8;I like pumpkin pie better than apple pie...;;
0;2;cookies & cream ice cream w/ apple pie for desert;;
0;0;Awesome! RT @thekplife I made the apple cake, too!";@thekplife;
0;0;@sIeepwalking I had apple pie with ice cream soo much better;@sIeepwalking;
0;0;Caramel apple milky ways are better than any pie;;
0;0;Desserts by me Dutch apple pie & pumpkin pie I pulled it off yayayaya http:// instagram.com/p/hRpt6UL1fd/;;
0;0;@BHolscher16 @KYLE78PRPICH some video games, Apple TV, ps4, some other stuff. Clothes I do at a later date;@BHolscher16 @KYLE78PRPICH;
0;0;Omgoodness whats wrong w/ me?Ive been eating nonstop since early this afternoon.just finished another plate of Apple pie #HappyThanksgiving;;#HappyThanksgiving
0;0;【AFP画面保護フィルム】 apple iPad mini 　4つの機能が1枚のフィルムに集約 AFP-IPAM02 アスデック 取り扱い開始日: 2013/11/6 http:// amzn.to/1dabNFk #Amazon;;#Amazon
0;0;Apple Crisp for the realest of the real http:// instagram.com/p/hRv8JokAYP/;;
0;0;Why AREN'T you listening to Mindless Self Indulgence while making your apple crisp?;;
1;2;mama baggs apple pie;;
0;0;Damn. Stuffed my face with 2 kinds of tvrkey, stuffing, mashed potatos, sweet potatos, salad, gravy, bread, apple ... http:// fb.me/SSMjJV8w;;
0;0;ABD Apple mağazaları ülkedeki tüm mobil telefon satışlarının yüzde 11'ini üretti http:// fb.me/2vX03EsGn;;
0;0;Jolla, Ponsel Anyar Buatan Mantan Karyawan Nokia: Inikah kompetitor Apple dan Samsung yang sebenarnya? http:// bit.ly/1jOYtUD;;
1;1;Thanksgiving apple pie for y'alllllll @missalexbrogan http:// instagram.com/p/hRvdpZx62A/;@missalexbrogan;
1;0;New purple UW license plate fires up Apple Cup rivalry http:// scfne.ws/Ioli5w #FireNews #WA;;#FireNews #WA
0;0;Really, are we debating the calories in apple pie vs pumpkin pie. Does it matter?;;
0;0;Flexin on these fools. With a mouth full of apple pie;;
0;1;Apple Inc. (AAPL) iPhone 5S Production Shows Impressive Numbers - ValueWalk http:// wp.me/p3KWq7-fgW;;
0;0;@marcoarment Seems fine since Apple issued an update.;@marcoarment;
0;0;【AFP画面保護フィルム】 apple iPad mini 　4つの機能が1枚のフィルムに集約 AFP-IPAM02 アスデック 取り扱い開始日: 2013/11/6 http:// amzn.to/1dabNFk #Amazon;;#Amazon
0;0;Bout to give my 2 year old cousin a cup of Bacardi and Apple Juice, whole thing too! #ItsLit #TurnDown4WHAT;;#ItsLit #TurnDown4WHAT
0;2;Alguém sabe qual o horário exato que a Apple Store vai entrar na black friday ?????;;
0;0;Apple pie hyfr;;
0;0;Nossa, merda. Apple TV na Black Friday. Aí vcs me quebram.;;
0;0;Apple pie https:// vine.co/v/hPmzK7vn7n6;;
1;3;Apple pie and vanilla ice cream is a lethal combo;;
0;0;#SekedarInfo #News | Jolla, Ponsel Anyar Buatan Mantan Karyawan Nokia: Inikah kompetitor Apple dan Sam... http:// bit.ly/1jOYtUD #Berita;;#SekedarInfo #News #Berita
0;1;Only my luck would make me put apple sauce in my turkey;;
0;0;Mom wants to give you apple pie, but I refuse to call you. Whoops.;;
0;0;My mawmaws homemade apple pie and vanilla icecream >>> #heaven;;#heaven
0;1;Apple Inc. (AAPL) iPhone 5S Production Shows Impressive Numbers - ValueWalk http:// bit.ly/1bsKepm #technology;;#technology
0;0;@SydneyHarden @skittlesupply @SexSlave4Kesha I'm about to eat Apple pie and ice cream woo;@SydneyHarden @skittlesupply @SexSlave4Kesha;
0;0;Apple Inc. (AAPL) iPhone 5S Production Shows Impressive Numbers - ValueWalk http:// ift.tt/1bsJhgx #technology;;#technology